,r,K,v,d_A,alpha,beta,SSR
0,0.6798787144326834,97.84292022033824,1.2138917496888044,0.0691890183332458,0.5860505814474203,2.3920258476194172e-11,852.2978991617539
1,0.7311733232574918,98.91866273258104,1.0249356831309775,0.12695134006432493,0.5499082618938467,3.4876425156050924e-09,380.032473469195
2,0.7255248586809074,99.99999999999768,1.0513190231444756,0.12678433112766227,0.5520235190605672,1.5321209136296714e-09,595.4485078969352
3,0.7166064786805115,98.65622975408508,1.0778005189744149,0.14270129659920758,0.5651601312686229,2.691154052181816e-09,539.0743153109381
4,0.7260920949156479,100.0,1.0325245237682965,0.14871437665941192,0.518057126389751,3.0174577255247046e-12,776.2434990645548
5,0.6887864376995403,97.2279716756819,1.1908087020383094,0.10771245241286119,0.5691421629277991,1.7152150126969381e-09,425.73530235735967
6,0.7668624037618714,100.0,0.9267660278159472,0.19344314469683657,0.5340513544087225,2.987044720434814e-11,764.9457191335066
7,0.7506828824259459,100.0,0.9621797063699656,0.02281374691927876,0.6175465603945621,3.3449929253200324e-16,523.4589018508826
8,0.6741719747674462,97.376537245698,1.2285000725585788,0.09518219045384528,0.56172182196782,2.495495452948272e-10,391.9310886009049
9,0.7486624877765439,100.0,0.9799110476522608,0.001758145615180752,0.7065322806204611,1.4791282726884044e-18,138.5987353941506
10,0.7251637496110663,99.90285262744746,1.0194023122597702,0.042420803968665745,0.6481469093009936,7.672680903578375e-16,953.1019921051634
11,0.6793462318876007,99.99999999980083,1.1891013128404953,1.3700151024810252,0.47207737802658445,7.283338247038473e-11,384.0883647396123
12,0.7293783305734758,100.0,1.0236907225009175,0.08559716583426719,0.5869028518695909,2.675478000929661e-11,391.27130662212755
13,0.8198388396537745,99.28990705236528,0.8208796068091484,0.0927173750648319,0.5855130471242342,1.7920855908272383e-09,645.5558655995503
14,0.782199095075735,100.0,0.8566425841338478,0.10791287994777392,0.5629947728542255,1.2742206035618783e-10,846.1666713650933
15,0.77268822182144,100.0,0.8975749485877241,0.18075721975425865,0.5432565621252575,2.365929456131315e-10,867.231126280544
16,0.7381721920066873,99.12531541277968,0.996268720848937,0.15814268052739872,0.5639700390975115,3.8649818147299176e-10,452.0544882172241
17,0.6894297687986944,98.56634343832734,1.150161729523297,0.12567566643471395,0.5390264537799929,3.472728498013975e-10,435.1655083101562
18,0.7621161308516763,99.99999999999964,0.9218019388571452,0.20812537119162386,0.5353274824119674,5.937855313128565e-10,299.50592335961323
19,0.6862839094239608,97.43298179272736,1.2228043486355242,0.13254898529915377,0.5499989681441234,1.8487676922615685e-12,550.2956884066705
20,0.7741027858748392,99.49697555869842,0.8825707387179587,0.04408874523429346,0.6142066175502828,5.799422463211124e-12,600.9368109583658
21,0.7906625448357628,100.0,0.8799952134523499,0.12725189475569737,0.5355154091702173,1.8650255207223737e-10,456.37507626913845
22,0.6887565801012291,97.80813945369644,1.1569913001612593,0.03181421672934656,0.6397482088832486,9.777753492625843e-14,558.6068003675373
23,0.7418016259589246,100.0,0.9670499762713488,0.226093112860444,0.5212716776872031,2.0058039609875764e-09,511.8941474498622
24,0.7068692248143273,100.0,1.095966803743091,0.10344897022333026,0.5711504804555579,6.737312677283448e-14,514.6051514332818
25,0.7169627877889887,99.22917097802647,1.0930199138939491,,,,
26,0.6331409164102594,97.02766914742008,1.4629740148210213,,,,
27,0.7027289548670752,97.97716333163,1.1118942773873624,,,,
28,0.6754151439326244,98.57622402824184,1.2086482189789256,,,,
29,0.7965594448725957,99.99999999998607,0.835917258836227,,,,
30,0.6817568136697635,99.3360417945262,1.1834484033089692,,,,
31,0.7185170555803967,99.63265591237042,1.0193820780441027,,,,
32,0.682514330927391,99.99999999999976,1.1871548822174018,,,,
33,0.7034423049593833,100.0,1.0919827660588906,,,,
34,0.6890486598194752,99.57976860860845,1.1744892349943936,,,,
35,0.699566118679595,99.99999999997402,1.100575690754991,,,,
36,0.6867907454956755,98.33427242980868,1.210224847508414,,,,
37,0.7892859552662379,99.99999999999994,0.833673639488714,,,,
38,0.7447780280555985,99.25582296433188,0.949740436066839,,,,
39,0.718383706570741,99.28377320393474,1.0352130855762538,,,,
40,0.6965804381931354,100.0,1.1402136637127205,,,,
41,0.6690131526421859,98.27432518869252,1.222082019791074,,,,
42,0.7532523326478437,100.0,0.906536428739154,,,,
43,0.7021979353546121,98.52226645138144,1.1412072695174658,,,,
44,0.7229628859310177,99.99999999999996,1.00920969916678,,,,
45,0.7284834676417407,100.0,1.0312594449649926,,,,
46,0.7918557430917005,98.90075835819944,0.8628099152671568,,,,
47,0.7023789273114844,97.1830224493779,1.1462178585867946,,,,
48,0.6791277131250099,98.41492964045962,1.2042322496018691,,,,
49,0.7609979493434671,100.0,0.9244010714374816,,,,
50,0.7340650493653474,98.0373005638963,0.9880174168122688,,,,
51,0.6981196467280125,100.0,1.080681402330478,,,,
52,0.7022823527089603,99.99999999999989,1.0689299598824142,,,,
53,0.7254512225011389,96.94246584719907,1.073061960346767,,,,
54,0.7893143126514288,100.0,0.8406333210431581,,,,
55,0.6557331900124101,97.00847003302454,1.3678261044516364,,,,
56,0.7373006290649198,99.99999999999844,0.9727320000909646,,,,
57,0.7084763098307045,98.7928199584227,1.0702067539101032,,,,
58,0.7059583659014659,99.11758155584825,1.1173379444668745,,,,
59,0.6881916061483857,96.8217035643094,1.2236889797881831,,,,
60,0.7192313975686281,99.99999999999709,1.0303243702924338,,,,
61,0.7485117406563678,100.0,0.96660790215001,,,,
62,0.7554225988564193,100.0,0.9174358933063216,,,,
63,0.7377449142584461,99.45493714639832,0.9720252435762096,,,,
64,0.7071430160291353,99.65306886795142,1.0695111835117668,,,,
65,0.6999572249609504,99.99999999994752,1.0752373373079924,,,,
66,0.7281833853339453,99.99999999999991,1.002670573214391,,,,
67,0.7776136667121787,99.87102458951036,0.8997104122276833,,,,
68,0.7173301786248703,99.99999999999636,1.0427565786337645,,,,
69,0.7847677384057579,98.9950626085045,0.886784500813187,,,,
70,0.724804476157068,99.09625016437776,1.0113005451699693,,,,
71,0.7503343730892815,99.99999999999623,0.9476257709700752,,,,
72,0.716438823784083,100.0,1.0288788058229743,,,,
73,0.8028767561566885,100.0,0.8628207028266308,,,,
74,0.7258535410966654,99.00443878054422,1.011305436687054,,,,
75,0.7569055407178864,100.0,0.9105600970181008,,,,
76,0.6442903647926377,100.0,1.359975508135141,,,,
77,0.7425383990337235,100.0,0.9864615721081296,,,,
78,0.687885410392153,99.49772760625667,1.1629572098759178,,,,
79,0.705714369658537,99.92918826048772,1.0582521461471397,,,,
80,0.6660426298356112,98.95862381026916,1.2240218267213845,,,,
81,0.7083874823557348,100.0,1.0594033676432837,,,,
82,0.7261426823821475,99.43205580974114,1.0220089796803338,,,,
83,0.6755835983485239,100.0,1.1533942455859845,,,,
84,0.8069208399082334,99.99999999999667,0.8447494056009639,,,,
85,0.7103592331764007,99.88825228815742,1.077671346623151,,,,
86,0.6849529668244038,97.84417626603484,1.2096208017590653,,,,
87,0.7466804362212198,100.0,0.9886677307515426,,,,
88,0.8131697920791519,100.0,0.8311626879445071,,,,
89,0.7217511758734401,100.0,1.0143361037533642,,,,
90,0.7016177639596656,97.89334219747772,1.1144293387198865,,,,
91,0.7296052293633081,100.0,0.9998033286795164,,,,
92,0.6871742210987096,98.29819132446404,1.1939976617096546,,,,
93,0.7361160031701283,98.65905480612383,1.0076489111833946,,,,
94,0.7508770522710038,100.0,0.9538758304811272,,,,
95,0.784655704831314,100.0,0.8325137761698613,,,,
96,0.7914144313189122,99.0891481395834,0.8654629398143219,,,,
97,0.6874670426315485,100.0,1.154377277576003,,,,
98,0.7186031225468404,98.45726965396308,1.0692488080178992,,,,
99,0.6897627416098193,99.4606237559099,1.1689097435113782,,,,
100,0.6815601989440084,99.60931407994218,1.1911423433866406,,,,
101,0.6848733938624468,96.63568206901616,1.2044001215427342,,,,
102,0.7803883229658892,99.61162560285484,0.9102138571840108,,,,
103,0.7300739627990499,99.9999999999994,1.0080094069804892,,,,
104,0.6939644289770273,99.99999999999994,1.1126956053420054,,,,
105,0.7042413421933518,98.30188424209432,1.109142430042436,,,,
106,0.7214843409842967,99.99999999999991,0.9680500207603464,,,,
107,0.7376220522857586,100.0,0.9568011482059134,,,,
108,0.7685965176990422,100.0,0.9160134261479692,,,,
109,0.7539955725295339,99.9995899231475,0.948297816017923,,,,
110,0.704765967959802,100.0,1.0765068858731393,,,,
111,0.6907693327284303,96.99925963212992,1.2058766314076537,,,,
112,0.7516362836301063,99.99999999978546,0.9280216406570974,,,,
113,0.6926021775959228,99.99999999998082,1.1455189306641362,,,,
114,0.7663343210409251,99.79882445270512,0.962456272056368,,,,
115,0.726531564616317,100.0,1.0119265738677772,,,,
116,0.7148338619152794,100.0,1.033830759439546,,,,
117,0.7163192612087693,100.0,1.0142069656222592,,,,
118,0.7439613742383477,100.0,0.9558260418413068,,,,
119,0.772635197419739,100.0,0.8887159372522415,,,,
120,0.7545930998556027,100.0,0.9470567908538062,,,,
121,0.7185055518711954,98.2700316073528,1.074350778333041,,,,
122,0.7234890245450429,99.16477595896232,1.0590076301976208,,,,
123,0.685147985604158,99.99999999972114,1.1934175044491362,,,,
124,0.7700377778031178,100.0,0.9167225997135692,,,,
125,0.8035808323887634,99.99999999999358,0.8318028243087805,,,,
126,0.7876667399860539,100.0,0.8773180597251853,,,,
127,0.739840740673117,99.99999999999996,0.980093126501292,,,,
128,0.7520531193176357,100.0,0.9559526668075956,,,,
129,0.7272362178144856,99.1779892741001,1.0249622293373544,,,,
130,0.744534244451117,99.78078224177447,0.9511297226818188,,,,
131,0.7382590659638963,99.99999999999996,0.9689890736178468,,,,
132,0.7419928597348859,100.0,0.998061282774285,,,,
133,0.7433936090938389,99.17880598007793,0.9360149507206452,,,,
134,0.6987365250371816,97.88377223797973,1.149709283485475,,,,
135,0.7439752927592878,100.0,0.9566408400493712,,,,
136,0.7879929949485582,100.0,0.85724566077185,,,,
137,0.6933089798598587,96.7747011624814,1.1930436998563976,,,,
138,0.7239420629552564,98.90339216598024,1.0375484641601236,,,,
139,0.7261588899669179,99.14112556176532,1.020001043099898,,,,
140,0.6996084505531602,99.36643108390606,1.1683547118590218,,,,
141,0.7648831173164082,99.88809815854412,0.921322255656587,,,,
142,0.7065985686999913,98.58983439506687,1.0849407263681303,,,,
143,0.7652569942482054,100.0,0.8870748424948511,,,,
144,0.7350686067905431,99.99999999998454,0.9799179009978126,,,,
145,0.685201616272129,98.50249133936596,1.1602762646690443,,,,
146,0.7665120738173137,98.54814488013568,0.9736661427053124,,,,
147,0.7853361680034658,98.03132905852344,0.902039523777276,,,,
148,0.8439507008760501,99.83257692177416,0.739836458331692,,,,
149,0.7146561925107418,98.33044467900832,1.095748511510776,,,,
150,0.7462572996629598,99.51829188736342,0.9595075713278626,,,,
151,0.7110659801086957,98.5908730850304,1.0778691582099649,,,,
152,0.6769794341866197,99.37531256845156,1.2109660532484146,,,,
153,0.7466184544541675,100.0,0.9601755943246544,,,,
154,0.7213568705940552,100.0,0.970692918349915,,,,
155,0.7162297228121143,100.0,1.006422925600904,,,,
156,0.6909892879522567,100.0,1.1238348682228096,,,,
157,0.8121692946855087,100.0,0.8046161400018531,,,,
158,0.7441013956300867,100.0,0.95734487204904,,,,
159,0.7150326956649218,99.48723751925152,1.0523660343477683,,,,
160,0.6955147675331257,99.49244100229554,1.1494784597818812,,,,
161,0.6618118278777835,97.1433642861417,1.2966051061293904,,,,
162,0.6946952255778138,96.8562837109647,1.2078893793250538,,,,
163,0.715377900439399,99.9999999994911,1.053844245713233,,,,
164,0.6798179677447201,97.68033828431211,1.2421160853897524,,,,
165,0.7359900816246812,99.97560600840907,0.9558543360949162,,,,
166,0.728127519217274,98.29557476181128,1.027715386243968,,,,
167,0.7533534545632375,100.0,0.9457166056113964,,,,
168,0.6908258338254595,97.3122699986358,1.218015229378826,,,,
169,0.6511849589294425,97.66446132591368,1.390321904890629,,,,
170,0.8426598825683708,100.0,0.7665662122458051,,,,
171,0.7421427526232314,100.0,0.9719708534247776,,,,
172,0.7490658574213584,99.9051086547364,0.9506667148525436,,,,
173,0.7813289148793021,100.0,0.8862035924710066,,,,
174,0.7204984912846996,97.20527016305836,1.0615568858454285,,,,
175,0.7131698573148489,99.9999999999885,1.04636252242892,,,,
176,0.7237871104193114,98.92932818033565,1.0930470505848435,,,,
177,0.70078322771397,98.15788465564948,1.1725845661553709,,,,
178,0.7775731536159062,99.25190094694923,0.9114729617115852,,,,
179,0.7761534787926596,100.0,0.8515548744442091,,,,
180,0.7131451370912516,99.99999999999902,1.0483429534313715,,,,
181,0.7289445597710418,98.66272963870672,1.0017381072563831,,,,
182,0.7223363903913411,99.9999999999994,1.0392569192141767,,,,
183,0.7453808516703155,100.0,0.9444359411715972,,,,
184,0.6932528663041245,99.02798572219852,1.143821221871869,,,,
185,0.7564945035946832,99.25779617044212,0.9520258982340416,,,,
186,0.7638637417614849,98.7809442486406,0.9717326674183522,,,,
187,0.6997769050696978,99.44330519649368,1.1156809045464484,,,,
188,0.6702082726442188,97.25468683794168,1.2544367511561807,,,,
189,0.7164207909044761,100.0,1.0734092994920437,,,,
190,0.7266544225095455,99.05517348102472,1.0346289665561657,,,,
191,0.781305910211253,100.0,0.887704175638912,,,,
192,0.7190965416195115,99.99999999999994,1.0134271372315944,,,,
193,0.7132549057112726,99.99999999999991,1.0622992118156307,,,,
194,0.7234896385503669,98.62818278618332,1.0824598105392709,,,,
195,0.6808304864912148,98.27249071797306,1.2085528261289749,,,,
196,0.7370025131075661,99.28026578518212,0.9811009355894852,,,,
197,0.7658763440540561,99.23524338405882,0.9607293609067702,,,,
198,0.745478034187144,100.0,0.9900690415690552,,,,
199,0.7061446833487259,100.0,1.0486189236331154,,,,
200,0.6405686818825195,97.5460937755984,1.4533740868302516,,,,
201,0.7517745833992177,100.0,0.9353489878488284,,,,
202,0.7156321436743119,100.0,1.0360389306107145,,,,
203,0.7023883890238717,98.40300227867051,1.1230593454253102,,,,
204,0.746087612116911,99.50402415313788,0.9585448989267144,,,,
205,0.676670104216411,97.2643192068097,1.242149378102544,,,,
206,0.6863833120762904,99.5670592529268,1.1471524408773732,,,,
207,0.6959823843166425,99.14210569142227,1.137330210841929,,,,
208,0.6651656971749301,99.66661683086018,1.216816537571105,,,,
209,0.6798603746936229,95.20144066792903,1.314468294915081,,,,
210,0.7358581194835436,99.5046086898336,0.9850650848354926,,,,
211,0.7246744511371436,98.68211112977228,1.0562657557990132,,,,
212,0.727080729467113,99.99999999999126,1.0206713496429516,,,,
213,0.7581187490688304,100.0,0.9333223616385052,,,,
214,0.7477410771165572,99.89506983899764,0.9441179224515968,,,,
215,0.6893210364937639,99.99999999999936,1.1211549037049713,,,,
216,0.6492977916214213,98.96781294889917,1.3243212805195417,,,,
217,0.7095134620756138,100.0,1.0266512589062842,,,,
218,0.693961637191002,98.21633111339844,1.11636038484029,,,,
219,0.7420869401881282,99.9791897412722,0.9614039460103204,,,,
220,0.7053915129848464,96.53781544484588,1.1514605821447872,,,,
221,0.7028083724360886,99.99999999925096,1.1398981685803988,,,,
222,0.791032337870735,99.9997763272522,0.8487350531277141,,,,
223,0.7372389847401065,98.75839843358216,1.0170460563705488,,,,
224,0.7958290114892307,100.0,0.8460065516799902,,,,
225,0.7341940486508615,100.0,1.0102245712061573,,,,
226,0.7228206652325543,100.0,1.0021223343031584,,,,
227,0.7240071021987972,100.0,1.0072516877175404,,,,
228,0.7585652817372581,100.0,0.9505846318783288,,,,
229,0.6701236058826504,99.20448282302584,1.1662416571873893,,,,
230,0.698300451298763,99.21810777103435,1.0867050850416191,,,,
231,0.690452926434967,99.5839278930183,1.1748962387593809,,,,
232,0.6873259638664253,98.24130569033996,1.1379063955064543,,,,
233,0.679551920465246,96.91276301621434,1.267991667314984,,,,
234,0.8157728125616661,100.0,0.8287953003481578,,,,
235,0.7083162927323429,98.03544085038152,1.0969444207346133,,,,
236,0.7239104522951686,99.99999999999984,1.0059707267680085,,,,
237,0.7155503117734995,100.0,1.0471479521564695,,,,
238,0.7073715689326507,97.90761972672672,1.1375044970095582,,,,
239,0.6687940031327291,99.69927142538764,1.2421699939520685,,,,
240,0.7341440322921863,100.0,0.9697468264065866,,,,
241,0.759721831768221,100.0,0.9192231377877108,,,,
242,0.7035499904481675,100.0,1.0610853290556634,,,,
243,0.7192975783488348,98.06257363006692,1.1156939416922194,,,,
244,0.6935201075090208,99.57622501967242,1.1205246724051083,,,,
245,0.7509327214582002,100.0,0.9876617311658176,,,,
246,0.6164523070306029,97.68029542265124,1.6329450861849777,,,,
247,0.7003165141553133,100.0,1.0932645261950698,,,,
248,0.7281017590838323,99.86464705926312,1.0090993926372835,,,,
249,0.7019054343094481,100.0,1.0544471518927443,,,,
250,0.7326287719562548,98.9920200864965,1.0186273977719875,,,,
251,0.6812990803552719,99.77275941762116,1.209563072420754,,,,
252,0.7047358484966703,97.20177074190232,1.126650502398858,,,,
253,0.7321435134021257,100.0,1.0219677382638,,,,
254,0.7453530604839486,99.9999999999991,0.938220526964572,,,,
255,0.7131583939775926,97.5662064299716,1.104041606960426,,,,
256,0.7285732266810188,100.0,1.0113104961612336,,,,
257,0.6848861651817955,99.00200279084154,1.1583209023848036,,,,
258,0.7342189370339886,99.35612992402145,1.0071926726008456,,,,
259,0.6564484912860692,100.0,1.2481773757180998,,,,
260,0.7065515087458948,96.67495423785186,1.1691020189299026,,,,
261,0.687084551175001,98.7064993672742,1.1781196528690054,,,,
262,0.7561845251598067,99.99999999999989,0.9611562327282872,,,,
263,0.7556199163233515,100.0,0.9627948890651388,,,,
264,0.6722042929150186,99.1928675561305,1.1792469022223022,,,,
265,0.7134614065404499,99.99999999999862,1.0547914806425174,,,,
266,0.727233267339129,99.16095533447134,1.0052490124564226,,,,
267,0.6383120743177597,97.52259682593952,1.515996872230078,,,,
268,0.746456512787541,100.0,0.9773003110266894,,,,
269,0.7475383753435642,99.96901200683216,0.9851458899628776,,,,
270,0.7287533525133802,100.0,1.0349099320509818,,,,
271,0.8090678044989299,99.99609528423318,0.8252500610703262,,,,
272,0.7211174112463528,99.79600821489552,1.0191313621212466,,,,
273,0.776698070463741,100.0,0.8718494623019498,,,,
274,0.6634467174754172,98.4774180703738,1.298854873463407,,,,
275,0.8452600654213668,100.0,0.7504943814907703,,,,
276,0.6800392320289999,98.86186762466517,1.1733057236380848,,,,
277,0.7086798580255362,99.25007404971554,1.0222869384467614,,,,
278,0.7430515407007342,99.08839449794972,0.9652447870600454,,,,
279,0.7432940713012319,99.5530800801837,0.967828395555391,,,,
280,0.6808702770315711,99.99999999999942,1.174356240839051,,,,
281,0.7120122880343785,99.42047010703052,1.0797614707711762,,,,
282,0.6929972754809652,100.0,1.1280923976867456,,,,
283,0.7290270664497065,99.3170682718353,1.0180940189337533,,,,
284,0.7054730633057824,98.70248972614752,1.1011518964777869,,,,
285,0.7772782012204328,99.99999999999908,0.8749587933154234,,,,
286,0.7093021619880139,98.13413364344235,1.0859760615569436,,,,
287,0.6692864350473571,99.81223870920542,1.2214118518640271,,,,
288,0.7116029188055975,100.0,1.0913255407638969,,,,
289,0.6820750717688557,99.99999999752426,1.1746586066100673,,,,
290,0.7357301944425415,100.0,0.987572796843092,,,,
291,0.7244423382940365,98.74643402774775,1.0104696408640197,,,,
292,0.6969329429253145,100.0,1.1249711758857468,,,,
293,0.6746788445392687,99.32859285232988,1.1798542356638235,,,,
294,0.6736579147550149,97.26798053606348,1.3376444574328483,,,,
295,0.7132526123519236,100.0,1.0737934155889213,,,,
296,0.7092210520274487,97.88286608251134,1.1351362111671612,,,,
297,0.6985228502214231,99.9999999999918,1.0874668387911557,,,,
298,0.7139229880394871,100.0,1.068938874853298,,,,
299,0.6789318684344211,98.9177857068653,1.1969604273175258,,,,
300,0.7215363918398192,99.70765563148882,1.0247318548534383,,,,
301,0.7206719778641458,98.95969072643052,1.0969187412323629,,,,
302,0.7912127418838404,100.0,0.8394118841889022,,,,
303,0.6830407196702479,98.33271371965616,1.2199358186092613,,,,
304,0.6525238465021146,98.51267424426914,1.2965581746450916,,,,
305,0.6791511639821833,100.0,1.1645348000919395,,,,
306,0.6677787965246766,98.84798990267636,1.3205452732711755,,,,
307,0.7435777169100837,98.93503990437183,0.9863639031480308,,,,
308,0.7756830607321618,99.99999999999612,0.9130145464025506,,,,
309,0.741141128166146,99.7742677640541,0.9612628117463052,,,,
310,0.7420855998240813,100.0,0.9604888261929292,,,,
311,0.7412263182095483,99.75593451636328,0.9919119488691988,,,,
312,0.710086102714685,100.0,1.055106966842844,,,,
313,0.7013091245928144,99.99999999999994,1.0647749576123056,,,,
314,0.769999789764944,99.80509637169318,0.9127450574249268,,,,
315,0.6927510637562219,98.71417708641992,1.1545271410057647,,,,
316,0.7444581923178446,98.74939891598484,0.9590521234436896,,,,
317,0.7448048570965731,100.0,0.9381627290636568,,,,
318,0.7002031821820456,99.59143505999003,1.056221590854534,,,,
319,0.7236487223839949,99.99999999999793,1.0495117094663844,,,,
320,0.6477412250879133,97.10418806893,1.4212455693281985,,,,
321,0.7297940949249238,99.99999999988243,1.0369093302896102,,,,
322,0.7433202573196374,98.73654477913628,0.9788278100241647,,,,
323,0.7916777172244882,100.0,0.8407246340056672,,,,
324,0.7530793276744406,99.99999999999996,0.914499913397114,,,,
325,0.6749139897139286,99.99999999998664,1.1565415500584155,,,,
326,0.7047217585783665,100.0,1.0844090297502402,,,,
327,0.7087931554641891,99.52313821644928,1.0725932711028086,,,,
328,0.660898820393809,99.5407164378308,1.208778237208732,,,,
329,0.7767403003609592,99.99999999999994,0.8944576271836738,,,,
330,0.6817929444330629,99.1911711901342,1.139252952656632,,,,
331,0.7051526552651222,100.0,1.1135645401173735,,,,
332,0.676874716487276,99.99999999999868,1.2181915447063592,,,,
333,0.688026551566528,98.34299516581947,1.1854451732837008,,,,
334,0.7206274008859226,99.48580843350646,1.0605594290451734,,,,
335,0.7173466206002791,99.99999999999996,1.044176100092843,,,,
336,0.7080519175842356,99.9999999999884,1.0658975209546446,,,,
337,0.7723129879295613,100.0,0.8967893658632865,,,,
338,0.6602840099610884,99.06828613364893,1.2639849492162003,,,,
339,0.6345741901884548,96.36814936677276,1.5548224913532738,,,,
340,0.6772267478168853,97.82723166703715,1.220923377357112,,,,
341,0.6942258346466244,97.78682247455092,1.1651236338148871,,,,
342,0.7318524190293619,99.08364585339756,1.028067899639684,,,,
343,0.7346634977998403,98.1553316364202,1.028435285408391,,,,
344,0.7247798804316646,99.56251955296707,1.034953457816966,,,,
345,0.7520405473990792,100.0,0.9266455999779638,,,,
346,0.7657149594247284,98.69224032156676,0.8884354137355459,,,,
347,0.705959165056078,98.46054899467084,1.1029803750632818,,,,
348,0.7220649084402087,100.0,1.0217256413862916,,,,
349,0.7183704557546138,98.66539466135384,1.062920956373289,,,,
350,0.7520447521763075,99.99999999998548,0.9291472106749148,,,,
351,0.7125150879204875,98.66857874256002,1.0733010433488586,,,,
352,0.7297901171631385,99.51505181159249,1.0004300665204424,,,,
353,0.7081397481156545,98.79349563144189,1.1157517769928735,,,,
354,0.7395454246154924,100.0,0.98368014100168,,,,
355,0.7733783124560649,100.0,0.9021313699474608,,,,
356,0.7554240832827902,100.0,0.938945377038416,,,,
357,0.6686713638733663,98.04022093591506,1.262181251505499,,,,
358,0.6507549456575534,97.35015222302025,1.3833235947481763,,,,
359,0.7194329103609339,99.9999999999996,1.0418628059906734,,,,
360,0.7413027249065415,99.99999999999916,0.9551861506322252,,,,
361,0.6813476145141758,99.99999999999972,1.1871762457192474,,,,
362,0.7326490853504868,100.0,0.9774148665746396,,,,
363,0.7665961382473703,99.99999999999469,0.916865650127498,,,,
364,0.6758754664997821,100.0,1.1706798723514733,,,,
365,0.6687198991938128,99.2725056671566,1.2444434171681338,,,,
366,0.7199042947893058,100.0,1.017673348111201,,,,
367,0.7384984609521327,100.0,0.9917940257271292,,,,
368,0.736517999843139,99.25833115798062,0.959447837002908,,,,
369,0.7035840612524095,100.0,1.1103710459804228,,,,
370,0.7138984044858608,99.420538239674,1.0629328325335992,,,,
371,0.7418200535404132,99.99999999997064,0.9677216169944226,,,,
372,0.6818927930307338,100.0,1.1527322113588878,,,,
373,0.7584942945166344,99.9999959318462,0.942575170944163,,,,
374,0.7448107087318026,99.2170846803647,0.9468546627454404,,,,
375,0.7337995673244802,98.61432039972888,1.0214368985299058,,,,
376,0.6794042185917025,97.74921934396323,1.2108060700158243,,,,
377,0.7584118886160622,100.0,0.9212932560456424,,,,
378,0.7201921342091577,99.11051095355845,1.0406950566151083,,,,
379,0.6412957156921474,99.99999999999562,1.4081715434180853,,,,
380,0.732131591027176,99.99999999999974,0.9971432537237916,,,,
381,0.7376177013294365,99.84923460831952,0.951169469607992,,,,
382,0.704240837555924,100.0,1.1084911833636135,,,,
383,0.6692807669628599,98.8519955914475,1.2403995938880874,,,,
384,0.7353290467710475,98.44350040323005,1.017054929509864,,,,
385,0.7117398203276457,99.72396029153956,1.0727120993662038,,,,
386,0.6938342727883269,100.0,1.0832340354734709,,,,
387,0.7833455382531759,100.0,0.8562985350513445,,,,
388,0.7217625899286023,97.92231019683165,1.1099216956053064,,,,
389,0.668476511229477,96.71258795769587,1.277411096766912,,,,
390,0.73153801385625,100.0,0.9918886940457388,,,,
391,0.7606795048149548,99.99999999999244,0.917783154025134,,,,
392,0.7695606245550125,99.99999999999991,0.8988640505603226,,,,
393,0.6787648901145438,96.94398679403,1.2450788049951091,,,,
394,0.6327229672197794,100.0,1.3929484071166554,,,,
395,0.7333309354323236,99.99999999999996,0.9844032740872084,,,,
396,0.6817089774755666,98.67774760523125,1.1881480207449304,,,,
397,0.7166124276847478,100.0,1.0435272188164053,,,,
398,0.7312855340321258,100.0,1.0143190179999502,,,,
399,0.6676390775747943,98.77968191851126,1.2701976900320002,,,,
400,0.6702225704493848,99.99999999999956,1.1951158834273692,,,,
401,0.6527150940753205,97.23394130009834,1.4128250889469829,,,,
402,0.7172732939730159,98.79015325716628,1.0819419183388508,,,,
403,0.7551472839512494,99.99999999997098,0.9281930715390876,,,,
404,0.7562138617398478,100.0,0.9541885979278952,,,,
405,0.7023743994957529,97.68230261344438,1.1556082608586211,,,,
406,0.7452555506256101,100.0,0.9866860802089418,,,,
407,0.712822763767463,99.39258909903992,1.0434090861947138,,,,
408,0.6787175032962196,98.42694114445716,1.2052223589049575,,,,
409,0.7372894844849142,98.90691406684378,1.0011535128683364,,,,
410,0.7767563693979044,99.99999999999908,0.9068909839746516,,,,
411,0.6707154493455929,98.78984766402836,1.186484403745837,,,,
412,0.6809606431904619,100.0,1.2469428825081288,,,,
413,0.763344109663856,100.0,0.8755558572710713,,,,
414,0.7018897645613562,99.38030917979336,1.0975757678494358,,,,
415,0.6717006703460926,100.0,1.191432054505413,,,,
416,0.6603750001823989,98.04674195058617,1.2798603704536449,,,,
417,0.7478957960004666,99.48687930081957,0.9557022065618812,,,,
418,0.8453807691392689,99.99999999999991,0.7743213350078888,,,,
419,0.7062012432131176,98.62785872342484,1.0727593970027731,,,,
420,0.7133098565424211,97.45620292242884,1.1311927958946184,,,,
421,0.690528883326674,99.42918834309606,1.1472182327156413,,,,
422,0.7102926095326862,100.0,1.0136039990665422,,,,
423,0.7371556369146989,100.0,0.9384935150167116,,,,
424,0.7595849491483984,99.9844921592004,0.956742169226505,,,,
425,0.7674904326678424,99.49580016585954,0.9159655954710784,,,,
426,0.7353214023405354,97.3614293129174,1.0578842716829888,,,,
427,0.683538932789899,99.99999999999864,1.1533802951985652,,,,
428,0.7483982706308369,99.18125587178436,0.9571377190862632,,,,
429,0.6749238286932593,99.9999999999988,1.179720863447179,,,,
430,0.7215821177743411,100.0,1.0367229051742777,,,,
431,0.7282891425542305,97.34136264825158,1.1012105883330527,,,,
432,0.7441481205140544,100.0,0.995947390681768,,,,
433,0.7243856187900639,99.42413171824133,1.031088878994189,,,,
434,0.7464709951738885,99.63395989561847,0.9399727162785062,,,,
435,0.7312990180959299,99.99999999999253,0.9764398745009,,,,
436,0.7097823980177687,99.6044637597016,1.117980550437872,,,,
437,0.6877260742291252,97.80147791446322,1.202068911505429,,,,
438,0.6917466020019818,100.0,1.1207591376361852,,,,
439,0.7297943599870483,99.86705770019503,1.0147573953484534,,,,
440,0.7198480241784119,99.65057060833163,1.060921576725951,,,,
441,0.7009066550859577,99.99999999999228,1.0734307292564116,,,,
442,0.7201767252781989,100.0,1.0147388497685792,,,,
443,0.7308130911740921,100.0,0.9931405127796934,,,,
444,0.7813816286164104,99.48304181074144,0.9145362431008924,,,,
445,0.7837133914993385,97.60447543355106,0.9413028464194976,,,,
446,0.708776947002234,97.90126382559092,1.0893553440740082,,,,
447,0.7017467863605347,98.6438601223604,1.10483340751172,,,,
448,0.6872293816000264,100.0,1.1485702452218989,,,,
449,0.6952740211953153,98.06329023509096,1.1467929007096735,,,,
450,0.7674762290666926,100.0,0.9027896277385188,,,,
451,0.789147756939848,99.95509395283136,0.8866271507078668,,,,
452,0.6984658531532745,99.9999999999956,1.0766529026296456,,,,
453,0.6646411098705546,99.99999999999696,1.2419817067819297,,,,
454,0.6911841178603005,99.69312660036564,1.1200412029322526,,,,
455,0.6939492678526147,99.17957711512776,1.136666277528568,,,,
456,0.805810327380297,100.0,0.8194424622173329,,,,
457,0.7230727400915866,97.99996953876644,1.0565189266773127,,,,
458,0.7241552667673851,100.0,0.9990281545674328,,,,
459,0.7709342683264261,100.0,0.8999710959971046,,,,
460,0.7500538940048044,100.0,0.9576176087074628,,,,
461,0.7325588794449761,100.0,0.9943075908510898,,,,
462,0.7563118859901313,99.89781365632052,0.948099562333411,,,,
463,0.7224958904308311,99.99999999999996,1.0345705243199188,,,,
464,0.7561617140710868,100.0,0.9065266254999114,,,,
465,0.7983382545282869,97.4152590769818,0.8947565186097397,,,,
466,0.7484246556858114,99.47445943802776,0.9646365281198878,,,,
467,0.7150574282072368,100.0,1.054197547410755,,,,
468,0.7802885216137407,100.0,0.8680860671669344,,,,
469,0.688450578181847,98.76488321102256,1.1411580243926256,,,,
470,0.7219796948603289,97.2815826035856,1.0752919244927817,,,,
471,0.7601119289227156,100.0,0.9401068258103558,,,,
472,0.6971769690624803,99.99999999925144,1.1175503895643195,,,,
473,0.7426581622991586,99.99999999999764,0.9636945706076482,,,,
474,0.7498879410360045,99.99600098886384,0.9498180864388766,,,,
475,0.7212388928418906,99.70671396789294,1.0161196440406497,,,,
476,0.7244986012059756,98.5670113404622,1.0473372761870077,,,,
477,0.7348156310239246,100.0,0.9731481270973884,,,,
478,0.7921107368104864,99.5654963057433,0.8661530446183635,,,,
479,0.7284415781300182,100.0,0.9983688900075944,,,,
480,0.7482545237170506,100.0,0.9190350364215008,,,,
481,0.7823560358393358,100.0,0.8890237687835929,,,,
482,0.7084511691761589,99.10958645431438,1.1074473712750867,,,,
483,0.7031437013974937,100.0,1.0742669295785057,,,,
484,0.7555805878384,100.0,0.9343325643803416,,,,
485,0.732514430646852,98.94046957681353,1.0293204260694542,,,,
486,0.7450325498986738,100.0,0.936374723659696,,,,
487,0.7580827410863399,99.71855903137632,0.924102162685662,,,,
488,0.7911132379190321,100.0,0.8776293756582186,,,,
489,0.7057011039972235,99.99999999999896,1.0395230495625842,,,,
490,0.7315045148172057,99.94387259038562,1.0032146319916648,,,,
491,0.7253357477765673,99.2356587438358,0.9767104977221744,,,,
492,0.7267776931156479,98.9068078865792,1.017742337073794,,,,
493,0.8038994914354144,100.0,0.8289160756535513,,,,
494,0.7071031424252153,99.9999999999997,1.0898195380487945,,,,
495,0.6897921678703591,96.5046342963176,1.2185721827219151,,,,
496,0.7197650822239589,100.0,1.0251117903303404,,,,
497,0.6970741513051629,98.68873989464744,1.1381508052162947,,,,
498,0.7707682364575256,100.0,0.888850813576332,,,,
499,0.7063325591537682,99.99999999999744,1.087980104966042,,,,
500,0.7802600723067578,100.0,0.8824329964436349,,,,
501,0.7814545034852476,100.0,0.8709780364549485,,,,
502,0.7259740217874976,99.80011745210444,0.9981196249153136,,,,
503,0.7337463496228481,99.34679555685771,0.9602455190083776,,,,
504,0.7073291785342745,99.99999999999932,1.0956976948528818,,,,
505,0.6955202307225756,97.42991890088096,1.1856024445433258,,,,
506,0.7295603228225691,100.0,1.0283713102410108,,,,
507,0.6909693571491479,99.43924904172307,1.1071170023123214,,,,
508,0.7793064667688389,99.99999999999989,0.8765264645560841,,,,
509,0.660782006224223,99.93123117734228,1.276027973385043,,,,
510,0.7299479084713675,98.45528816429868,1.0031559262507062,,,,
511,0.6601561816352562,98.79645435304138,1.2520163213897813,,,,
512,0.696765684633325,99.99999999999989,1.1354427127977942,,,,
513,0.7159970061399237,99.78993632605504,1.067809337994856,,,,
514,0.6712433121382829,97.9891707870968,1.2767696995017714,,,,
515,0.7276990767536748,99.53541708986062,0.9953073629863124,,,,
516,0.7186032395603081,98.7655835011001,1.0802514355008856,,,,
517,0.723124424630699,100.0,0.9996733020992076,,,,
518,0.6851575614809976,99.99999999899131,1.147340364118962,,,,
519,0.6837002869243536,99.9999999999994,1.1360388427767607,,,,
520,0.7689647314020523,99.99999999999996,0.9147337206844784,,,,
521,0.78116929587722,100.0,0.8423815819674803,,,,
522,0.6899611807315816,97.7577379865969,1.203454164758735,,,,
523,0.7497190136876076,100.0,0.9581797665992658,,,,
524,0.8331832956282881,100.0,0.7659981943041538,,,,
525,0.7040452220670936,98.85873043178944,1.1200221123606957,,,,
526,0.7347358586176449,99.31877674528808,1.0268413094337137,,,,
527,0.6809962995004095,99.1015318256266,1.216273393559509,,,,
528,0.736780833096396,100.0,0.9803164093977264,,,,
529,0.6910392011225825,97.83926348673752,1.174566482684684,,,,
530,0.686505155810962,97.85262135171484,1.2527464015849283,,,,
531,0.7729190895148051,99.6372258395476,0.9091443018844648,,,,
532,0.7416710328570575,99.7156396543282,0.992737132752648,,,,
533,0.7447722958807249,99.99999999999966,0.955963266592094,,,,
534,0.739277133606252,100.0,0.9858174424337832,,,,
535,0.7280866044216667,98.69134601163846,0.9920256123043656,,,,
536,0.7290591913291684,99.18566291881244,1.0221533758728762,,,,
537,0.7608200165040773,99.9999999999957,0.9222443715221188,,,,
538,0.7419894836801,99.42940500192351,0.9561377447964284,,,,
539,0.7466475767175427,100.0,0.9345578712398078,,,,
540,0.6939475936978783,99.99999999999996,1.1083616738769275,,,,
541,0.7101432829873644,99.67058767719024,1.086088497854184,,,,
542,0.7048656919209457,98.15377056951657,1.172801664448484,,,,
543,0.673565553577955,100.0,1.1864831622159526,,,,
544,0.7167519967229182,100.0,1.0360605270650178,,,,
545,0.8093008172673462,99.82215404472056,0.8008650942187097,,,,
546,0.7044350740050243,98.1962915360956,1.0964427190952395,,,,
547,0.7133825118802883,99.64085167656728,1.0323219498468994,,,,
548,0.6864789332496751,100.0,1.142052848044116,,,,
549,0.657979749750258,97.59145371274003,1.368897928955587,,,,
550,0.7152554160605068,97.77744692525089,1.1013643607708203,,,,
551,0.733987331548731,100.0,0.9968098382362576,,,,
552,0.717505427353763,99.99999999999996,1.040279042839478,,,,
553,0.7906963369724207,100.0,0.8575644075780268,,,,
554,0.6497978568209697,96.26623911112624,1.3824255330426147,,,,
555,0.7431147382889774,100.0,0.983714410270422,,,,
556,0.7625493431244625,100.0,0.9252622641358988,,,,
557,0.700253936839255,97.33799925564638,1.134706781266242,,,,
558,0.7044799490900263,99.46651494305272,1.134614339206737,,,,
559,0.6941047243666907,99.99999996910825,1.121511910928253,,,,
560,0.6985111447052131,100.0,1.1007287176188625,,,,
561,0.708850412044391,100.0,1.095074415083528,,,,
562,0.6991881504677672,99.24985729388486,1.1051935217346418,,,,
563,0.7375045906543287,99.9999999999442,0.9524684873168424,,,,
564,0.7256555021750479,99.09253851749772,1.0309025574176478,,,,
565,0.7168312280764849,98.43977071667445,1.0660191397304004,,,,
566,0.7195987044859188,100.0,1.0265772090122485,,,,
567,0.7658824121135291,100.0,0.9301700628623362,,,,
568,0.6627955356682006,97.27207175879622,1.3123042752116447,,,,
569,0.71524814362453,99.99999999999946,1.0145786382784037,,,,
570,0.7041622452478922,99.99999999999832,1.065205616501938,,,,
571,0.6666348780651582,98.90422853561168,1.2327229351425826,,,,
572,0.7445255486988664,98.43775085022811,1.0137130161643657,,,,
573,0.6810061764794606,99.3130929732188,1.1857054427567235,,,,
574,0.6990618868485972,100.0,1.1052502500942316,,,,
575,0.751598945176954,99.99999999999996,0.9611203413296164,,,,
576,0.6848980842363899,96.8391331139997,1.2878117088985597,,,,
577,0.697327519846157,97.76580605012664,1.1820729611170833,,,,
578,0.6799538692864521,97.3868335946726,1.236302874186168,,,,
579,0.6672454693590993,98.06648202617838,1.3132265780822687,,,,
580,0.6865809441900653,97.4065743027666,1.1915577330505889,,,,
581,0.6930820010508312,98.5995768624634,1.1759930439422344,,,,
582,0.6618305715823978,99.25825483150324,1.3042346049537026,,,,
583,0.7598521200272631,100.0,0.9170524464338154,,,,
584,0.7355400197706575,99.99999999999756,1.0148421943940458,,,,
585,0.6463265068413846,96.8454667671895,1.4254146164212873,,,,
586,0.7280034300930499,98.85466097096902,1.0258959462313066,,,,
587,0.75966769389705,99.9999999994822,0.9220413994933324,,,,
588,0.7501332887236706,100.0,0.925189875423635,,,,
589,0.7542449947045945,99.99999999999984,0.9246052553262734,,,,
590,0.7041992855904031,97.96935409353814,1.1236931073158651,,,,
591,0.708820654359248,98.44770836188192,1.1159434887347144,,,,
592,0.707658448858886,100.0,1.0728732310621814,,,,
593,0.7640652758940965,100.0,0.9300136031194852,,,,
594,0.6493207039472908,96.01922877718724,1.409442461240372,,,,
595,0.7912100248512736,100.0,0.8728088067666063,,,,
596,0.6942781784689984,98.55165615256078,1.1333334972150426,,,,
597,0.6995591613525409,100.0,1.098879823874263,,,,
598,0.6550179358396191,98.41269938777047,1.2889666210492536,,,,
599,0.6837670837925155,98.93438973254014,1.2025750285223529,,,,
600,0.7021912542623242,100.0,1.1117175247999196,,,,
601,0.7432973893242142,100.0,0.9387398162050014,,,,
602,0.7632080748299741,100.0,0.9056124997557043,,,,
603,0.7245832194974929,100.0,1.0130847903838764,,,,
604,0.6884360711012805,99.21478715594436,1.1568195851637026,,,,
605,0.7167766760906868,100.0,1.0394571484796282,,,,
606,0.7007989384439604,99.8831085360104,1.0796698009383978,,,,
607,0.6565190883666856,98.59096712552298,1.3226622704477338,,,,
608,0.6768990248089315,98.20019447297987,1.2103683191011123,,,,
609,0.6849478047472488,99.18556055371243,1.1725079009772954,,,,
610,0.6994203908785046,100.0,1.0883736130331156,,,,
611,0.7487360303120195,100.0,0.9773371172415696,,,,
612,0.6887938666954222,100.0,1.1175979156409654,,,,
613,0.7447289765878861,99.9999999999995,0.9550523584134164,,,,
614,0.7004445421029272,99.99999999999991,1.0819045858118317,,,,
615,0.6991428449432174,98.14006631871112,1.1645580494767775,,,,
616,0.693970491655343,99.99999999999986,1.1014892114926167,,,,
617,0.6693432411524529,97.52195493419764,1.244184297257113,,,,
618,0.678250621895532,98.26257034606311,1.2517308586293732,,,,
619,0.6725123116529916,99.99999999996784,1.2304988581643317,,,,
620,0.7368547290388007,100.0,0.960986164054742,,,,
621,0.743457597388986,99.99999999999996,0.9770827708166062,,,,
622,0.7037748037797887,98.99337793954552,1.1241386087668637,,,,
623,0.7403075726708053,99.0027415875852,0.9890483091150446,,,,
624,0.7416331471648854,100.0,0.9947160294784854,,,,
625,0.7450261842268224,99.24401983957108,0.977221619479604,,,,
626,0.7311885535648661,98.40410104018672,1.0469774189556371,,,,
627,0.7141896197951563,99.9999999999996,1.0235934664152566,,,,
628,0.7306380940172211,100.0,0.9941828903768796,,,,
629,0.6816650414070338,99.47960807292972,1.1887057420942782,,,,
630,0.7700214672241407,99.46591457248192,0.914083873959758,,,,
631,0.7564521319944347,99.71719991890542,0.9530849229727144,,,,
632,0.681123751752154,97.95802905207805,1.2206095418490324,,,,
633,0.672167010506045,97.18960700805503,1.2482797354091977,,,,
634,0.7031044517278224,97.32545885861497,1.1647685982124667,,,,
635,0.7383512805651553,99.99999999999956,1.0013219417042314,,,,
636,0.7136621604077049,100.0,1.0604810819686166,,,,
637,0.6818841555588505,98.33090447021452,1.1971074660829637,,,,
638,0.6916013659430946,98.170994744232,1.156225917480419,,,,
639,0.6578876242743731,98.41246918899375,1.26985700232988,,,,
640,0.6728598620554056,98.84707205261974,1.2170087947331718,,,,
641,0.6759403934872358,98.60207289571753,1.227338419161099,,,,
642,0.6910728516117934,100.0,1.1182334585673182,,,,
643,0.6558299060922154,98.3380868956025,1.312093854843122,,,,
644,0.8101832917012488,99.99476450892962,0.8217070041016434,,,,
645,0.711513120928619,97.93787708389526,1.0990296277364449,,,,
646,0.6535775890473229,97.30732787026233,1.3327526514756205,,,,
647,0.6845288671941966,96.17786410983229,1.318325060051203,,,,
648,0.7590210898212836,100.0,0.9141761193225922,,,,
649,0.8086113027780635,99.9999999999994,0.8167800849351705,,,,
650,0.7227632918782259,97.63047052401502,1.0598941530026509,,,,
651,0.7062989578344577,98.12661113805272,1.1034068908316954,,,,
652,0.7167537333710164,99.4864184708118,1.0550149509358,,,,
653,0.7449037822162852,99.9548616534934,0.9475059367162696,,,,
654,0.831171095193114,99.90893080814902,0.7662691895622744,,,,
655,0.761043904278375,99.2675578429,0.9124900493762284,,,,
656,0.69155483060907,99.97609138245156,1.1705808938360291,,,,
657,0.8111981339833861,99.56814388261928,0.8382636029735923,,,,
658,0.7174510790780094,99.92383518934024,1.07164386546472,,,,
659,0.7409306038761125,100.0,0.9582597817554788,,,,
660,0.6911452211836271,100.0,1.140695507934796,,,,
661,0.7362790973269799,99.8834746103754,0.9876068570415176,,,,
662,0.7059815503054724,99.99999999999896,1.0669875006285736,,,,
663,0.6843278238735243,98.56884550476562,1.1805812635635138,,,,
664,0.7258758194890618,100.0,1.0215077947805191,,,,
665,0.6498598148743308,98.43638448929424,1.409213392502923,,,,
666,0.6745215709810093,99.9999999999996,1.1694798181014217,,,,
667,0.7230403436771501,100.0,1.0383443267887127,,,,
668,0.6864331611745217,99.99999999999996,1.1277816803493523,,,,
669,0.6421949975424192,97.13512698029662,1.438409137550045,,,,
670,0.7420090945010495,99.70166248773268,0.9948283130075294,,,,
671,0.6991983039263737,100.0,1.0844681142862005,,,,
672,0.6607691935130584,97.6501656003939,1.310624290778655,,,,
673,0.7925390943911045,100.0,0.8315240160045421,,,,
674,0.7782538677531148,98.17369232035844,0.9176799407977656,,,,
675,0.7176889147148051,100.0,1.0485931104132609,,,,
676,0.685404535351552,100.0,1.152002156919996,,,,
677,0.7138864237038663,99.99999999998312,1.0545563305181689,,,,
678,0.7722187307394834,100.0,0.8753795670937594,,,,
679,0.7113634368654996,99.81062969692113,1.0435124962433655,,,,
680,0.7921776747617967,100.0,0.8679388008304714,,,,
681,0.7045954576779473,96.70282698027027,1.1225805656518044,,,,
682,0.6638863235748198,97.36316938270711,1.3139349114387706,,,,
683,0.6933751411241064,100.0,1.1338084140812723,,,,
684,0.6736375931501258,95.67042018159688,1.3356830782854028,,,,
685,0.6752003834914597,97.07059633088392,1.2799801757704612,,,,
686,0.7892721294664894,100.0,0.9057640832153978,,,,
687,0.6621546254492976,99.49856637636027,1.291257370314122,,,,
688,0.6869679556353739,98.33149126145652,1.1955024234561695,,,,
689,0.7067205255601298,100.0,1.065655173938698,,,,
690,0.735684489440334,98.49934706108776,1.0120604359517191,,,,
691,0.7176955282379524,100.0,1.065789412044739,,,,
692,0.6798662039470053,99.42038599989048,1.1985952157305253,,,,
693,0.7639776735624596,99.90690083833684,0.8981325594488068,,,,
694,0.7338168057742759,98.5652824117038,1.0368002045061195,,,,
695,0.7040358043910163,100.0,1.0927638631947671,,,,
696,0.6828032245084048,99.999999999999,1.174211132009518,,,,
697,0.7046091845997096,99.69431179981396,1.1302768404920434,,,,
698,0.6951756939597079,98.53462664194925,1.2344972092503292,,,,
699,0.723443094025632,100.0,1.0257809650216128,,,,
700,0.7226712319282874,100.0,1.0103816835986608,,,,
701,0.7070307564263723,99.9999999999984,1.0889768750871949,,,,
702,0.7214408733736047,98.31500627958732,1.0624010714718335,,,,
703,0.7041861441577744,99.74684736479504,1.1134494493065743,,,,
704,0.786715224984459,100.0,0.8538099814087361,,,,
705,0.7272805266707519,100.0,1.0029808343714794,,,,
706,0.7460157020603536,98.4666988874624,1.0020192678938094,,,,
707,0.6709845880500195,98.50217491894976,1.2262218497411177,,,,
708,0.7675288938394924,99.99999999999996,0.9092253065398688,,,,
709,0.7351122888848914,99.89324957594894,0.980175636399298,,,,
710,0.7491142208349405,99.32912707115356,0.9432580357894372,,,,
711,0.759603772518909,100.0,0.9232391820844006,,,,
712,0.7142770139209739,99.61779956916962,1.0612150646404237,,,,
713,0.7259337545238189,100.0,0.9944493509879776,,,,
714,0.7412626617123492,99.99999999999748,0.9412190155995288,,,,
715,0.6685625644909855,98.23871430864288,1.2072386947334162,,,,
716,0.7773135005563444,100.0,0.9146229426780312,,,,
717,0.7849848515730469,99.5561787140268,0.8557020375628968,,,,
718,0.6381126578951711,97.93394748609906,1.4503727948848002,,,,
719,0.7250661204074739,99.42329134391484,0.9997705131166332,,,,
720,0.7603861852722276,99.99999999999936,0.9341854974138348,,,,
721,0.6718482365776158,98.16994352480822,1.2397900437421383,,,,
722,0.789864249687524,100.0,0.8485373179312488,,,,
723,0.7124205012666132,99.0876155888642,1.0796386786697794,,,,
724,0.7384979417911256,99.9534596925012,0.9501554409882024,,,,
725,0.6883234061019028,99.52340159994648,1.1299916086066255,,,,
726,0.7089987170002924,98.4111335632528,1.073657427580947,,,,
727,0.730542158937656,98.9767939176926,0.9940829537264448,,,,
728,0.7270812992049802,99.23588156073016,1.045949296284086,,,,
729,0.7476022710647624,99.4067814822949,0.9768203103679408,,,,
730,0.7010097834788702,97.80906506829196,1.1227223336249077,,,,
731,0.7157806573319382,100.0,1.0092633506163982,,,,
732,0.6776139541202151,99.67752638300374,1.204452367681177,,,,
733,0.6927852067014265,97.77270626601344,1.1276858988446854,,,,
734,0.691191111857383,98.3748228647823,1.1550611850951824,,,,
735,0.7684280818658564,99.17942181217232,0.941161016919292,,,,
736,0.7143849388327483,98.05780127119584,1.088057122284418,,,,
737,0.7339548774912288,99.90185872967352,1.0054583494878728,,,,
738,0.6955473762635156,99.6199077754537,1.1089752550236711,,,,
739,0.6873503060607371,100.0,1.130963021064087,,,,
740,0.6951175719264723,99.67696642835764,1.0805536109576634,,,,
741,0.7361801146899088,99.31044844533471,0.9951094070009856,,,,
742,0.6868907552970117,99.88582529083914,1.188780631724507,,,,
743,0.7117195421521196,99.74250290109424,1.056521617933279,,,,
744,0.6965811574679224,97.95126351916409,1.142891046374379,,,,
745,0.661717703763497,96.18846766651214,1.3322175531104623,,,,
746,0.7486976709885281,100.0,0.954064155265027,,,,
747,0.7338686697308853,100.0,1.020777047694356,,,,
748,0.7391610420504847,98.19878681572747,1.0284853069962705,,,,
749,0.6841038053339427,98.76976519728863,1.186975879210757,,,,
750,0.7621809818703352,100.0,0.8928184763474506,,,,
751,0.6722018925261772,97.42143433603792,1.213215007276235,,,,
752,0.7367156807125033,100.0,0.9814815917735524,,,,
753,0.7871720978249566,100.0,0.8723111240296667,,,,
754,0.6806595788230301,97.34477276215632,1.2456014881076527,,,,
755,0.7075331604435179,99.76825329157442,1.10141341318312,,,,
756,0.7697242112530204,100.0,0.8858673637856115,,,,
757,0.7597002901879638,98.46367417397892,0.9234861552340984,,,,
758,0.7014603174129321,100.0,1.0831004006163203,,,,
759,0.7435943167157553,100.0,0.9626079970214708,,,,
760,0.7117095086042061,99.32147575260022,1.0477596499375943,,,,
761,0.7021499089327536,99.74774445678725,1.1039180419514916,,,,
762,0.6639549394129134,96.8595065945228,1.2925648168499702,,,,
763,0.739527597631159,100.0,0.9623017995611348,,,,
764,0.7650077270109402,100.0,0.9162630055800212,,,,
765,0.7013779154908251,99.39698041242217,1.1190037463863909,,,,
766,0.6835677023064911,98.92636686100452,1.1906973275031938,,,,
767,0.7042295653966915,99.08863292102276,1.1485759915411493,,,,
768,0.7407282927050026,100.0,1.0046204845756057,,,,
769,0.7933808591310375,100.0,0.8717910019395867,,,,
770,0.7444501308206184,99.99999999999407,0.9769173925547688,,,,
771,0.7431744799639786,100.0,0.9733789216635528,,,,
772,0.7858098523811816,99.92461968448288,0.8905497508802926,,,,
773,0.7145303909495297,100.0,1.0209376789387592,,,,
774,0.7450482681816573,100.0,0.9930169328602358,,,,
775,0.6800832813294418,99.1318896260088,1.185757344710763,,,,
776,0.7101783299748933,99.32084341359324,1.1044226759961058,,,,
777,0.7065268561659441,100.0,1.0805578735288923,,,,
778,0.7154780607266893,99.95409528534206,1.039342358115245,,,,
779,0.7696224533331882,100.0,0.8857234329987287,,,,
780,0.757399447731844,100.0,0.9243991911909452,,,,
781,0.6659195412538008,100.0,1.2283972485245034,,,,
782,0.770282157920077,99.99999999999994,0.8801218403549254,,,,
783,0.7824400337490056,100.0,0.8845215408442602,,,,
784,0.7358448534172182,99.99999999999116,1.0202293412112693,,,,
785,0.7944130744399982,99.99999999999662,0.8529440523779123,,,,
786,0.6857754783704125,100.0,1.1283961592481575,,,,
787,0.7293924594394517,99.44064025691182,1.0121930982602312,,,,
788,0.7994407465619325,100.0,0.8674458551201056,,,,
789,0.7190401931420131,99.38273203144628,1.00551792720912,,,,
790,0.7984801271615938,100.0,0.848353349445319,,,,
791,0.7757223081558641,97.76829443686388,0.9248024355775598,,,,
792,0.6343327575044426,99.01149768247691,1.4249537923705935,,,,
793,0.7025408390718821,97.7800571396079,1.195739278454356,,,,
794,0.6913281309001125,97.37215595760264,1.211792214435909,,,,
795,0.6415954928660316,97.63311759642716,1.4438075774831132,,,,
796,0.7060155985866048,98.73885070439424,1.063610260434683,,,,
797,0.7524676135037957,100.0,0.952393297232097,,,,
798,0.6995378936663974,99.22152231176254,1.1114583549143775,,,,
799,0.7231950531329456,100.0,1.0306522593909182,,,,
800,0.7547620019001458,99.95719125599258,0.9440010658904816,,,,
801,0.7361909199420392,99.99999999999994,0.9912045424132532,,,,
802,0.7493430890625463,99.9999999999999,0.962004077858254,,,,
803,0.6858459763740593,97.72242372128716,1.2027043964400248,,,,
804,0.7594845312564169,99.8346760291953,0.9040455950495546,,,,
805,0.6801823238223967,99.33646177802724,1.210320272584916,,,,
806,0.6884908758287351,99.57296724779282,1.141934645623568,,,,
807,0.7311129585112959,98.9350785408054,1.030905064342961,,,,
808,0.6810857948751909,97.33142404198684,1.1934610293921055,,,,
809,0.6782365044241758,100.0,1.151635569861782,,,,
810,0.7771156035163588,100.0,0.8866019838421714,,,,
811,0.7129500798974656,100.0,1.0689786123693374,,,,
812,0.669097969669055,100.0,1.2172054490289674,,,,
813,0.7447899686930478,98.77589392850808,0.9742523063468872,,,,
814,0.7445435239713108,99.99999999999994,0.9662613206676036,,,,
815,0.6870869532474216,97.30917275585897,1.189914655389508,,,,
816,0.7836729870513346,99.3062149236332,0.9023947278016968,,,,
817,0.7862999766139929,100.0,0.8693140806409869,,,,
818,0.726195335524878,100.0,1.005928727359937,,,,
819,0.733763714870587,99.99999999999984,1.0335129965978105,,,,
820,0.7563294723167882,99.4479216483955,0.9227199879924516,,,,
821,0.7148058733722565,99.99999999998958,1.0073103655252331,,,,
822,0.6786901844606505,100.0,1.2005158374517797,,,,
823,0.7019179849085576,99.18613557667094,1.1049827806166406,,,,
824,0.66676982914688,98.0195901342926,1.3203361333895267,,,,
825,0.7491415956295981,99.99988667995312,0.9456525026700048,,,,
826,0.6678164519713604,96.79593629297722,1.3318088459613342,,,,
827,0.7435057020402367,99.7257814366642,0.9538597958460652,,,,
828,0.7621062245669707,100.0,0.9474095351358592,,,,
829,0.7339426554370875,99.9999999999999,1.0090102485206272,,,,
830,0.7396722167025824,100.0,0.99731467361416,,,,
831,0.689012240734209,98.52568981002194,1.1846032169768108,,,,
832,0.6676854933340051,99.99999999999773,1.2153792943025628,,,,
833,0.6674960350835978,99.4813697671606,1.2480683280499476,,,,
834,0.7054721576433167,100.0,1.0666472729275962,,,,
835,0.6860089013276549,99.255603878153,1.1642032643572675,,,,
836,0.7524911923981505,100.0,0.9693671559735308,,,,
837,0.6903175768026912,99.9999999999813,1.073146287137234,,,,
838,0.7960702785752644,100.0,0.8285989308027433,,,,
839,0.7409499278604545,99.69913269307456,0.966716917308772,,,,
840,0.699365982321119,98.18356391680558,1.1522491826882102,,,,
841,0.6874684234810536,100.0,1.0800672969115794,,,,
842,0.7486373573383824,99.99999999948692,0.9611649385522418,,,,
843,0.6676131893901677,99.00831785661796,1.282540998818595,,,,
844,0.7107676204906639,100.0,1.0299171749263478,,,,
845,0.7700105490374188,100.0,0.8850672821545419,,,,
846,0.7540972902270064,99.53204291595635,0.9455537914587032,,,,
847,0.7500051427718886,100.0,0.9314643537732368,,,,
848,0.6826445186486094,98.21493287904885,1.22897335237313,,,,
849,0.7097910506762786,98.44935987797253,1.0216510986232454,,,,
850,0.7198598439085784,100.0,0.9971600720416932,,,,
851,0.6783955229115549,99.99999999999994,1.1712306725947066,,,,
852,0.6946804544253119,99.4259036817512,1.0598414998547003,,,,
853,0.681991067074764,97.24024286788897,1.2362051099400666,,,,
854,0.6960662433204556,99.3619745393077,1.1093690009620412,,,,
855,0.7310570358901042,100.0,1.0123918040017357,,,,
856,0.6972285680108049,97.9038990483015,1.16829563732306,,,,
857,0.6646521343282427,96.86085422864942,1.350923474617132,,,,
858,0.7304315119923256,99.99999999999338,0.9803879733686588,,,,
859,0.7301107579085592,100.0,1.0108578341417904,,,,
860,0.7696323698001467,100.0,0.9059178706157636,,,,
861,0.7046820898943938,100.0,1.0487526050711242,,,,
862,0.7551848215488719,99.99999999999986,0.9385731620580888,,,,
863,0.8076156782862055,100.0,0.8125477001733727,,,,
864,0.735758301767074,99.99999999999991,0.97394175071582,,,,
865,0.707172704087208,100.0,1.043585382974198,,,,
866,0.7044351747688944,99.9999999999918,1.0615631057163724,,,,
867,0.7197855105294086,98.60363308637504,1.0769834295695813,,,,
868,0.6983503300931535,99.99999999999989,1.091226230223603,,,,
869,0.7029385264977827,97.28156607601905,1.1559267187501308,,,,
870,0.662023586560698,97.6767249233978,1.3337248852186283,,,,
871,0.7706476929688683,99.9999999999996,0.9232155248553504,,,,
872,0.702555303817158,100.0,1.060505768470709,,,,
873,0.761208342965574,99.99999999999984,0.9077407820244436,,,,
874,0.7519722698091534,99.1313462788544,0.96539450162446,,,,
875,0.7197126686074147,99.05885150146769,1.048950842019481,,,,
876,0.7280165920232108,99.1130375607222,1.0413037087928176,,,,
877,0.7157224118565224,100.0,1.0400980418079284,,,,
878,0.7886900541030667,97.87608814977712,0.9020478815619992,,,,
879,0.7489863957835045,99.9999999999968,0.939387941208648,,,,
880,0.6783156272129724,98.63267789637284,1.258114931797134,,,,
881,0.764140615987691,100.0,0.9018340350275906,,,,
882,0.6786169675619945,99.03657851527556,1.1679487147643648,,,,
883,0.7417870231433072,100.0,0.9313204874991676,,,,
884,0.7472832706578594,99.68301152825909,0.9644545010251622,,,,
885,0.7130421433364376,100.0,1.073686198338226,,,,
886,0.712748728712197,100.0,1.05006955897096,,,,
887,0.691144378909902,99.29246244612456,1.157978603256929,,,,
888,0.7584656833124364,97.81968762483304,0.9940117768065256,,,,
889,0.6909834249502896,100.0,1.1144337581201325,,,,
890,0.6921354996985885,98.93155250163971,1.116999476749507,,,,
891,0.6981421626352762,100.0,1.1283154166110796,,,,
892,0.7289437791157724,100.0,1.0027335305997458,,,,
893,0.7195388905951173,99.61764728049724,1.0100689209541764,,,,
894,0.6635564667605564,96.3046990905293,1.3172232790129703,,,,
895,0.7265026089538033,99.9999999999996,1.0029056546093036,,,,
896,0.7928753443761964,100.0,0.8468400027193916,,,,
897,0.7376893445827171,99.99999999999994,0.991799861053736,,,,
898,0.8079148420768572,99.7672590432131,0.8073767636596126,,,,
899,0.7494132936951353,100.0,0.931736974719551,,,,
900,0.7354080621772808,100.0,0.97814581030735,,,,
901,0.6804260523396899,100.0,1.1172334211088462,,,,
902,0.808633830455511,100.0,0.8352143829345545,,,,
903,0.7672563139632147,99.99999999999544,0.914443753084302,,,,
904,0.7675430351644357,99.2265849184227,0.9155509125279894,,,,
905,0.7360328037878378,99.99999999999028,0.99717037869078,,,,
906,0.6445047349509732,96.90913179487752,1.4502076790605742,,,,
907,0.8294235850631242,100.0,0.7711482914573632,,,,
908,0.7546764930235635,100.0,0.96939966952424,,,,
909,0.6866203180137724,99.99999999854384,1.1604145040256468,,,,
910,0.721902778340698,99.5400987786969,1.051160383563273,,,,
911,0.6874166001145882,99.39698965056672,1.1821583589220277,,,,
912,0.6728647823907885,99.07582030536992,1.1722682212338429,,,,
913,0.7670694108917299,99.9999999999979,0.9428562398873176,,,,
914,0.6766066843814531,94.8713729950092,1.3461743033606826,,,,
915,0.7631922189656075,99.9999999999906,0.924747228720055,,,,
916,0.669721168455234,98.46339035799896,1.2893274464481148,,,,
917,0.714414525881447,99.99999999999984,1.087610954786974,,,,
918,0.6614680370171176,99.32556977015848,1.2617176251891813,,,,
919,0.718730971198126,100.0,1.056898600279368,,,,
920,0.6707480592281747,98.3997246877073,1.22471175961117,,,,
921,0.7275017635139345,96.77396347902425,1.1072233958886049,,,,
922,0.8762238195652177,99.78351108650584,0.7111474019746145,,,,
923,0.7166798794690044,96.14824885081607,1.1153850202906082,,,,
924,0.6987330810901112,98.875264751983,1.1321364894200583,,,,
925,0.7904222474327368,100.0,0.866715022556079,,,,
926,0.7123757079121806,100.0,1.0701398494896217,,,,
927,0.6694091536581221,100.0,1.2098738930220894,,,,
928,0.7425113954453826,99.0617471909643,0.9708903058275304,,,,
929,0.646061961391089,98.05301966744668,1.4051009339357023,,,,
930,0.7545950994905096,100.0,0.9141450861311984,,,,
931,0.7672433605491289,98.910820747013,0.9439008309473224,,,,
932,0.8042632024624847,99.11075628916235,0.8519986369109491,,,,
933,0.7730990007123067,99.99999999999773,0.8663469787114917,,,,
934,0.7187864488469558,100.0,1.039157435498229,,,,
935,0.7193082429130833,99.9999999999992,1.0321502201348007,,,,
936,0.7112807059978553,99.68574183710446,1.0526039358455663,,,,
937,0.7737267367174715,99.83336531102434,0.8731811129290994,,,,
938,0.7831012646717408,100.0,0.8837070721306884,,,,
939,0.6927507021262133,99.99999999980518,1.1190639583781188,,,,
940,0.6683773862142771,96.2705822915761,1.3242112780579498,,,,
941,0.7192681619594653,98.96683091649322,1.0414032276635898,,,,
942,0.7524802663682226,100.0,0.9631985198486922,,,,
943,0.6940010956256905,98.45383795563168,1.141739063684074,,,,
944,0.7027038882190758,100.0,1.0910576919170305,,,,
945,0.6708028330998919,97.77649504046678,1.2555513803035496,,,,
946,0.6693140393338131,99.32589385591687,1.227577352536111,,,,
947,0.6994872527948238,99.9999999999999,1.062992721152454,,,,
948,0.7352203335488735,100.0,1.0130100308536665,,,,
949,0.7148349654384776,98.45884284981388,1.0657969368545506,,,,
950,0.6595420510784804,99.82692638636324,1.247212061761142,,,,
951,0.6868065001129215,97.97046122237433,1.1945707107991124,,,,
952,0.7079982048195989,99.47729476768416,1.1532506016251858,,,,
953,0.7433800706895206,99.92568963079349,0.965186591657162,,,,
954,0.6675509319702859,97.1706460264911,1.3215427277391874,,,,
955,0.6587177728761435,100.0,1.3217504278386758,,,,
956,0.6625258154450522,97.7675216310401,1.265263263116228,,,,
957,0.69176348715035,95.79577056030752,1.235152018204296,,,,
958,0.792214547871008,100.0,0.8389217944074944,,,,
959,0.7824770797552324,100.0,0.8600003842287495,,,,
960,0.7896100673447881,100.0,0.8446345525608946,,,,
961,0.7539437743473277,99.99999999999984,0.8864056210803628,,,,
962,0.6931184389672211,99.99999571969572,1.1571364551085674,,,,
963,0.7543946217109042,100.0,0.9104679875069231,,,,
964,0.7412725691641439,99.99999999999996,0.9631603989205372,,,,
965,0.7545396484810156,99.99603227824468,0.9023494466708936,,,,
966,0.7492821804928528,99.5065941757685,0.9619510799689188,,,,
967,0.7067885594445225,98.63349489236312,1.091491987747394,,,,
968,0.7265652168518736,99.90704509792874,0.9951602220613208,,,,
969,0.6820560809659878,98.28000489833046,1.1929919099062916,,,,
970,0.7100357136280896,99.99999999999795,1.0663069764542907,,,,
971,0.6474997851358929,99.14177707338706,1.374493562270006,,,,
972,0.6960614307723759,98.86992889795106,1.1158285946464417,,,,
973,0.7532393504935059,99.99999999999984,0.9609249147132418,,,,
974,0.7582384248130313,99.26394669937096,0.9271483190965992,,,,
975,0.7004065482032424,100.0,1.1028860249360437,,,,
976,0.6859825772685882,97.37257393620808,1.204773682951387,,,,
977,0.7122144433134071,99.20549235975056,1.0580613359613305,,,,
978,0.6917478286292563,98.2958247164863,1.132636054134698,,,,
979,0.7344671888918041,99.99999999999989,0.9681967140645816,,,,
980,0.754374089693993,100.0,0.9357208975123594,,,,
981,0.7580081080906339,100.0,0.9003062994379363,,,,
982,0.7132647075598043,100.0,1.037988477757058,,,,
983,0.6963101362388121,98.36933988256354,1.1582993886627797,,,,
984,0.6824343557991699,99.99999999993004,1.1947923259879991,,,,
985,0.6992525229075142,100.0,1.1141018315358402,,,,
986,0.7408455260820337,99.42991098946509,0.9631284753729608,,,,
987,0.704899801434016,99.4732054571938,1.0763292791042385,,,,
988,0.6574051103461787,98.04442097701389,1.3780209033106563,,,,
989,0.7158084969104207,99.6608757977883,1.0654390710963246,,,,
990,0.7152562228830502,100.0,1.0604580311574487,,,,
991,0.711760184414707,99.06347006205289,1.0813272859878142,,,,
992,0.6951320335473922,100.0,1.0984801490800888,,,,
993,0.7331994071212754,98.9915629714372,1.0216226770585537,,,,
994,0.6532480970500012,98.101912833179,1.3720770587089348,,,,
995,0.7859594642277478,100.0,0.8845707003600544,,,,
996,0.6924366576609255,98.8642131235189,1.2000363056599976,,,,
997,0.7774172835458626,99.99999999999872,0.9069523353909944,,,,
998,0.6887992702607397,98.62802780117418,1.1580942809452557,,,,
999,0.7107479353978705,100.0,1.0093200922518022,,,,
