,r,K,v,d_A,beta,alpha,SSR
0,0.4706024330147009,99.11858135104738,2.516867567576448,0.09370879396953054,2.381460020674693e-10,0.5557010837718122,1268.2521776279193
1,0.473726358472247,97.54080101511764,2.6280891866723617,0.013271722366814558,2.2293348692057223e-14,0.7110042539027895,1178.2874104211212
2,0.4715942945833322,99.42908698085375,2.6499962674618582,0.09555900634029434,1.0487013669946936e-09,0.5611489971115038,976.6673485583569
3,0.4580655101829743,94.99434643675646,4.265839317873218,0.10134221600463313,5.999648540307275e-13,0.5453279649166537,825.4963267920249
4,0.4704146087592131,99.37471132902856,2.4483027692768173,1.032032739111105e-15,2.9131864109010485e-13,0.7399444922520704,832.4681403367665
5,0.4757852487122063,100.0,2.2376106508397293,,,,
6,0.4660763601983826,93.8537011617816,3.2093992082453777,,,,
7,0.4669750500272447,99.99999999999986,2.4152292107759097,,,,
8,0.4633749438300974,100.0,2.7703484522280384,,,,
9,0.4606062022891544,97.65089717248824,3.081499514538976,,,,
10,0.4653334594772442,100.0,2.4708052962530416,,,,
11,0.4713007682786962,100.0,2.468249731674649,,,,
12,0.4789114080835545,97.67616668438744,2.3888550680559955,,,,
13,0.4689074831397254,99.99999999999226,2.428951709652281,,,,
14,0.4812193616729847,100.0,2.0310475228479565,,,,
15,0.467214860247762,97.0684041736732,2.7744440379324184,,,,
16,0.4688431478564936,99.90913681304158,2.536894388811065,,,,
17,0.4703240926497176,97.74213604021296,2.6976595122461826,,,,
18,0.4639428629230268,95.86299578338313,3.117177567780976,,,,
19,0.4703243614127371,96.53285977281116,2.9354133014841257,,,,
20,0.4754987448879936,97.05204579298363,2.4674285778197245,,,,
21,0.4746365472467853,96.31569512181343,2.712748729208337,,,,
22,0.4690708064078817,99.99999999999402,2.3862372762282025,,,,
23,0.4623898378290623,99.99999999999976,2.8438437094926843,,,,
24,0.4679008316082237,99.6895104231046,2.7422409221811805,,,,
25,0.4715429066503772,100.0,2.329276825439628,,,,
26,0.4551509372685149,96.60751925013388,3.5441003557018256,,,,
27,0.4692322226138592,99.68185776278789,2.541706061182784,,,,
28,0.4721312575439024,97.02903832319323,2.5624122974194714,,,,
29,0.4624469733751899,95.40544678595096,3.2638060722310174,,,,
30,0.4701225809793807,99.89271813007448,2.595736431935542,,,,
31,0.4631664223884787,100.0,2.635538769721211,,,,
32,0.4664425714750424,96.95796614886336,2.6854680327321327,,,,
33,0.4658004277172617,95.8072394986181,2.993880695986299,,,,
34,0.4602735333906372,99.88366269984598,2.775235174176747,,,,
35,0.4707662164061479,97.23124383864436,2.473991991274055,,,,
36,0.4672487451946556,99.5079763593164,2.7178568547748174,,,,
37,0.4688362733227977,99.99999999999967,2.515361767876963,,,,
38,0.4655193649067327,99.99999960454828,2.5965055719171897,,,,
39,0.4668999351640574,100.0,2.48687684322237,,,,
40,0.4732850716690243,98.89400725655806,2.4644047884250195,,,,
41,0.4701482386147668,100.0,2.794535600251293,,,,
42,0.4590491680768662,98.629502375125,2.995620681527612,,,,
43,0.4642081493680285,95.51981986712322,3.1936197147171184,,,,
44,0.4643060301863303,96.25896310881797,3.1350036155552328,,,,
45,0.4572825935036831,92.37146397797264,4.086536570437983,,,,
46,0.4684225331993503,98.61828593545364,2.774898064262313,,,,
47,0.4744926058057464,98.08241455057022,2.635177732947328,,,,
48,0.4735279937327706,99.2465281961148,2.372454758409808,,,,
49,0.4663019389457903,98.40787972125824,2.9201980181003813,,,,
50,0.4708645332869543,98.59567642276464,2.74305399397086,,,,
51,0.4643552236599539,97.61235008315788,2.8422792332018467,,,,
52,0.4586038165804269,97.35468660478604,3.4260934931142737,,,,
53,0.475015840144227,99.30699898085216,2.291656084231672,,,,
54,0.4625207134111539,96.41210026936402,3.206961068701881,,,,
55,0.4740795927242019,100.0,2.471806809846289,,,,
56,0.4673467792012848,99.99999999999984,2.553261736258847,,,,
57,0.4694225003750283,97.54720103269324,2.6434884732421406,,,,
58,1.5361002361061489,51.19841783840658,3.361605314004534,,,,
59,0.4667371138000622,97.7425303442002,2.883331743223726,,,,
60,0.4735785831843504,96.36942378617336,2.7219322748335526,,,,
61,0.4767669880384851,98.83871264268842,2.2773166326018712,,,,
62,0.4749895925264635,99.71568963233108,2.3348053951914403,,,,
63,0.4776911164226883,100.0,2.19140224417825,,,,
64,0.453478302211655,96.9415576182254,3.4809567407496838,,,,
65,0.465762379722993,100.0,2.6265824407857004,,,,
66,0.4694632027330898,98.5771167651358,2.7083003697119006,,,,
67,0.4778452928787301,99.36928566454176,2.2675865383159968,,,,
68,0.4779886579747139,96.33671831745096,2.5571329753979564,,,,
69,0.4602368638269738,95.13695442389388,3.146771477552926,,,,
70,0.4671787142011277,98.13211897506343,2.9694600667284465,,,,
71,0.4674786757862752,100.0,2.427820573495887,,,,
72,0.4639467825089934,95.91481718524462,2.957911891299609,,,,
73,0.480549723639732,98.36166962023012,2.124389393435552,,,,
74,0.4671470323785434,97.21913679274812,2.788129379842128,,,,
75,0.4619013110361658,95.83622345848782,3.3757695291245757,,,,
76,0.4640014713859913,97.1478493812929,2.869161485677615,,,,
77,0.4767736108227379,100.0,2.457044586542673,,,,
78,0.4605902115458258,94.40061235907795,3.3050466437007304,,,,
79,0.474292500176403,100.0,2.364316448592423,,,,
80,0.4697186247353428,97.53843097627777,2.616542563439144,,,,
81,0.4642901547850556,99.44485624873712,3.005670543378601,,,,
82,0.4715437491373876,98.58709328082566,2.6512815961118883,,,,
83,0.4638005514193595,96.64097029161748,2.985646162628218,,,,
84,0.4645437704978351,95.521759447323,2.986818465192304,,,,
85,0.4751392481651305,99.99999999999886,2.2517041439081806,,,,
86,0.4654492477341049,93.64642100642524,2.985475601397852,,,,
87,0.4575889990812947,97.45193817331185,3.105925600136676,,,,
88,0.4781462584823112,100.0,2.168499483973298,,,,
89,0.4647297160788561,100.0,2.5089351099990327,,,,
90,0.4637051233527289,96.76338362540514,3.0615774559752884,,,,
91,0.4786698805721917,100.0,2.356084473121471,,,,
92,0.46923515129248,94.82111488078922,3.018186889782064,,,,
93,0.46435972687196,100.0,2.6475877972335127,,,,
94,0.4676161969201864,100.0,2.701034496622189,,,,
95,0.4844895794332237,100.0,2.166180645911424,,,,
96,0.4658175153557138,96.03264064557732,2.730101918933524,,,,
97,0.4683292561516241,95.90455568794208,2.9712746943100434,,,,
98,0.4867282032471319,100.0,2.1266527094421064,,,,
99,0.4791968047635228,99.9999999999998,2.262153821364776,,,,
100,0.4683497617626851,96.30281863657034,2.6909121052305096,,,,
101,0.4724942541941866,99.44133707211894,2.4025175876595597,,,,
102,0.4706123634347421,100.0,2.5646421141943696,,,,
103,0.4735574793816253,100.0,2.5401872087111816,,,,
104,0.4736826141987126,100.0,2.294890510707236,,,,
105,0.4630722704193957,93.91891517958804,3.502792706259324,,,,
106,0.4651781997968521,98.87375759880268,2.626438206626261,,,,
107,0.4669639326439285,94.34457604319664,3.260451379547202,,,,
108,0.4609947063176899,100.0,2.7401394293381824,,,,
109,0.4671788349437463,99.9383739716799,2.584467272870635,,,,
110,0.472355633887549,100.0,2.443542526546994,,,,
111,0.4571407797489638,98.50910430846444,3.195291287218724,,,,
112,0.4682622804591632,96.8639573544936,2.7159637699025105,,,,
113,0.4791620751219447,100.0,2.16170194703753,,,,
114,0.4618712402332283,93.86787749764576,3.556062802375708,,,,
115,0.4617745822730519,96.52361017816436,3.061653620030691,,,,
116,0.4625701676170237,99.9999997845662,2.902954472514477,,,,
117,0.4586723527650681,96.08537122296846,3.337835310372048,,,,
118,0.4734125160105905,99.99999999999594,2.294566489823877,,,,
119,0.4730689407835865,99.8804803386486,2.606141610672996,,,,
120,0.4642474903795267,96.81979298339084,2.825737309493943,,,,
121,0.4743850221222592,99.99999999999136,2.316617211463986,,,,
122,0.4615520572435826,95.7281268027699,2.9856945945593774,,,,
123,0.4594985540816281,96.5998539503417,3.460228373707016,,,,
124,0.4634168609916889,97.49000560139268,2.9971132489551464,,,,
125,0.47427783025492,96.63845138549893,2.659285207833109,,,,
126,0.4661361791737448,97.2512146862134,2.87847170435438,,,,
127,0.4673005594132665,97.95747002633742,2.919906391496036,,,,
128,0.467608300199626,95.0231315270649,3.0907371056367654,,,,
129,0.4718438723843881,100.0,2.4065990533007997,,,,
130,0.4722601026704309,99.99999999999214,2.464014772217661,,,,
131,0.4845037617256248,98.01299205835316,2.267339315984222,,,,
132,0.4652111671971177,96.85003439777564,2.9921560328876997,,,,
133,0.4553396984771708,94.26422084609634,3.811325273136169,,,,
134,0.4711251962548379,100.0,2.5439781235780385,,,,
135,0.4779508863925197,98.73406540489484,2.193468317660363,,,,
136,0.4740612742175679,99.99999999999952,2.2732015721873737,,,,
137,0.4678976795015466,100.0,2.428919591688921,,,,
138,0.4771667150621986,100.0,2.309274810425748,,,,
139,0.466974126913696,100.0,2.462100297562351,,,,
140,0.4655403785637458,99.37503860046736,2.6624173545180136,,,,
141,0.4685111118867002,96.68511952585904,2.7091229175082,,,,
142,0.4747688320092151,98.65127285660522,2.38066401180378,,,,
143,0.4619157113662702,95.68347909335816,2.941493554043993,,,,
144,0.4755524454989042,97.38061308791607,2.408766199218168,,,,
145,0.473959033913018,98.76876929835154,2.45225208737408,,,,
146,0.4692537850991515,99.99999999999476,2.3416510006974383,,,,
147,0.4703730278393578,99.9999999997746,2.517687505047871,,,,
148,0.4673195827067425,99.99999999999986,2.470430645013012,,,,
149,0.4680921992784174,96.63867251871844,2.7872680722304564,,,,
150,0.4676485133217695,99.9999732134674,2.584392293858199,,,,
151,0.4778683770357198,99.57910653818958,2.3632754844786894,,,,
152,0.4651126829343391,98.08671246210451,3.1338804358523946,,,,
153,0.4696867064085046,100.0,2.4630312970439974,,,,
154,0.4707501686597166,95.78594206434914,2.802193758945182,,,,
155,0.4761125571130778,100.0,2.2063643182208628,,,,
156,0.4643499604553108,99.99999999993842,2.5244388394203634,,,,
157,0.4790796604422205,100.0,2.157262635561328,,,,
158,0.4792007862505805,100.0,2.2800054881870366,,,,
159,0.4645020413619767,99.21886538056582,2.65501466591148,,,,
160,0.4729112490078393,99.95695324955912,2.477927758771752,,,,
161,0.477974887637078,99.00431794593432,2.396021077664916,,,,
162,0.4688522540048839,100.0,2.641547626763534,,,,
163,0.4601030747829506,96.57317049036848,3.0167191051740567,,,,
164,0.4610256094053271,96.46065860073206,3.070807881680222,,,,
165,0.4778911712065176,99.02996558042156,2.365138023176211,,,,
166,0.4694684237386536,98.70401441499718,2.5766323899538537,,,,
167,0.4532073722786959,96.77145338903657,2.992313310083919,,,,
168,0.4717901398183786,99.72021257285012,2.3937972946443784,,,,
169,0.4731523430429275,100.0,2.3826869578475223,,,,
170,0.4744471765970396,99.9999999999998,2.4332528882799527,,,,
171,0.4652697084962849,98.23031258217662,2.643151529742145,,,,
172,0.4678502376741114,94.44026575909126,3.1117481478314333,,,,
173,0.4788084907671183,99.9999999998076,2.1628779138948566,,,,
174,0.4572228038490674,96.49851614924792,3.3041045471497323,,,,
175,0.4624394711565173,96.40735156074948,3.0277993627833077,,,,
176,0.4794884673661223,99.9999999999994,2.2093182756113667,,,,
177,0.4623412631684071,94.60819779486911,3.427502167656564,,,,
178,0.470726384733941,98.83074345581365,2.4824698701785013,,,,
179,0.4644135105564664,99.95872491160434,2.5745289969449434,,,,
180,0.4649223262538021,99.90462385780282,2.577719498415618,,,,
181,0.4631452717335887,95.20815232001291,3.235015222875313,,,,
182,0.4798634273651226,100.0,2.230923455250714,,,,
183,0.4707339541805103,96.76415250694711,2.8158773087174085,,,,
184,0.4626229675012661,93.44069107454035,3.9483672214772585,,,,
185,0.4691675505923001,99.7289637144762,2.3932473708953137,,,,
186,0.473064980529736,97.08111242748151,2.740726330984101,,,,
187,0.4694693581738461,99.68964549696636,2.6186272016026177,,,,
188,0.4659803152771688,97.56648255577326,2.725582675672351,,,,
189,0.4677415098209927,98.74098323582696,2.445912369128413,,,,
190,0.4560054208271914,100.0,2.977019628304417,,,,
191,0.475134288985242,100.0,2.1620105069099838,,,,
192,0.4633089090115237,97.13604807119276,3.2336299982130767,,,,
193,0.4596784788039667,96.56190061543106,3.196602820268055,,,,
194,0.4847777178621308,98.61330600509083,2.1286163812951773,,,,
195,0.4713736710978917,98.9036736077214,2.379970682488804,,,,
196,0.4726317061597624,100.0,2.3148058222879158,,,,
197,0.4760911473649756,99.99999999999986,2.3803151241072653,,,,
198,0.4746694140103865,99.59401942386224,2.344306929302985,,,,
199,0.4752674067401514,100.0,2.2588825773388748,,,,
200,0.4604043924412516,100.0,2.9859509890684257,,,,
201,0.4669474800263211,97.36199314037844,2.821210305726084,,,,
202,0.4597515965719032,92.29265614164352,3.783510460830167,,,,
203,0.4717848973204689,98.62167171295276,2.501977613270079,,,,
204,0.4777687350014274,99.99999999999989,2.2982369006218835,,,,
205,0.4725618903655719,99.99999999999996,2.3004399069477524,,,,
206,0.4695490497074973,97.05500307723672,2.7763024680044337,,,,
207,0.4625807049154216,98.9520617330705,2.905574593585323,,,,
208,0.4678322701695891,99.3372172539702,2.42220577322997,,,,
209,0.4613003072608972,94.74588030345164,3.073779876094236,,,,
210,0.4710941426283865,99.99999999999972,2.473580809074027,,,,
211,0.4713699317645058,99.99999999999991,2.482293681265668,,,,
212,0.4599959614008435,100.0,2.8301373322830297,,,,
213,0.466145788589492,99.88439343179772,2.563389214258676,,,,
214,0.4818004489806544,99.99999999999967,2.122671761507104,,,,
215,0.4823053451304207,99.99999999999989,2.1568974791485167,,,,
216,0.4752873173710049,98.24403810052722,2.564029937279001,,,,
217,0.4590918426979926,100.0,2.936230549539409,,,,
218,0.4684749735232428,99.96196925164648,2.5512150920417827,,,,
219,0.4604552218213632,100.0,2.659371247301776,,,,
220,0.4698139515531757,98.4778838689842,2.651151466740007,,,,
221,0.470235551936264,97.75028723749055,2.5710866425903567,,,,
222,0.4646203042500151,99.04438161333378,2.66774406177286,,,,
223,0.4733514649092654,100.0,2.4323512270745016,,,,
224,0.4662032007166501,96.56317390290448,2.970227044860648,,,,
225,0.4567902924152807,98.2805639113837,3.281439954007757,,,,
226,0.4657414737186752,99.76524943577624,2.5478068320357736,,,,
227,0.45049619202883,96.59853259725642,4.01148539910948,,,,
228,0.4594176934749311,94.02955601598828,3.706667437165217,,,,
229,0.4637899644419789,97.51223603706492,2.7189389367353938,,,,
230,0.4606621627916027,96.74525346258008,3.15161731873807,,,,
231,0.4613783270710704,100.0,2.6282575115827305,,,,
232,0.4670989963492828,99.99999999750824,2.5711138898213406,,,,
233,0.4760307806509687,100.0,2.159342212752416,,,,
234,0.4787324980900621,100.0,2.316370126064808,,,,
235,0.4653580764675781,98.52690568615112,2.7689154599764016,,,,
236,0.4613591348267589,97.4204679125482,3.0721804681962817,,,,
237,0.4872117058621145,100.0,2.131612081650677,,,,
238,0.4701442431040239,100.0,2.3872058737837967,,,,
239,0.4611176379857121,98.99967329219344,3.196392198455114,,,,
240,0.4734269589825462,99.99999999999834,2.3132401507436184,,,,
241,0.4669684460715992,98.60329220830936,2.6402442206176944,,,,
242,0.4631035510466433,100.0,2.718017927616676,,,,
243,0.4664294697976529,100.0,2.674093849028674,,,,
244,0.4767299301084199,100.0,2.326815718486091,,,,
245,0.473221893671801,98.40106913478108,2.4021455551928903,,,,
246,0.4699402255796784,99.99999999999936,2.5404328827194567,,,,
247,0.4662781018342218,100.0,2.6796924158179523,,,,
248,0.4704238525170174,98.1845800315066,2.664193351236355,,,,
249,0.4661300745368684,99.64450185599904,2.606392890436416,,,,
250,0.4650391419226489,100.0,2.757974418222253,,,,
251,0.4688962556602663,99.99999999957669,2.616127579718766,,,,
252,0.4594020481575589,96.54506751600384,3.3169263338887767,,,,
253,0.4721405587633691,100.0,2.373123614627871,,,,
254,0.4695331977139099,97.53370616661248,2.705258176134114,,,,
255,0.4584213130712033,96.62973233723076,3.494400658840838,,,,
256,0.4692905080879169,96.25999028690394,2.759362520686149,,,,
257,0.4564101398101489,93.44228203560624,4.033031578121129,,,,
258,0.4747980723014168,100.0,2.277202207874269,,,,
259,0.4711030554863691,100.0,2.3170796387564274,,,,
260,0.4674565572755734,98.5943416455009,2.733862790091512,,,,
261,0.4654468739837648,99.99999999999906,2.503703900782286,,,,
262,0.4735278515439359,94.28480819915735,2.716574677794664,,,,
263,0.4708316278146048,97.85786424013985,2.5109324983378998,,,,
264,0.458356338605433,95.27976842908896,3.615857321160187,,,,
265,0.4721988484064237,95.4447638270928,3.044366496743569,,,,
266,0.4752804475705298,100.0,2.4210974785195405,,,,
267,0.4722046565043722,99.17157487501903,2.468951097944577,,,,
268,0.4757776612741958,97.09055053008672,2.4174071127629237,,,,
269,0.4625194472985665,100.0,2.6884372507438963,,,,
270,0.4682966805344645,99.80388131176736,2.5919342580338456,,,,
271,0.4678014538300488,98.29039315765633,2.4819154455865404,,,,
272,0.4753093185215797,100.0,2.2269074758031544,,,,
273,0.4646647891222277,98.98135164445355,2.941016885982397,,,,
274,0.4736250342326174,99.99999999999908,2.206170762243474,,,,
275,0.4835760316001726,100.0,2.1750863643670937,,,,
276,0.4712242609484915,96.24968705937565,2.9303309844627146,,,,
277,0.4815677554574077,99.99999999999837,2.175778803079152,,,,
278,0.4665883379797234,98.35244162587004,2.802785545547327,,,,
279,0.4765700688998645,100.0,2.3756654791837017,,,,
280,0.4653111318339912,94.7864287955014,3.3355455405301506,,,,
281,0.474973244726723,99.99999999999926,2.2457965254083154,,,,
282,0.4598748352369817,97.89104130602728,3.1784855547236663,,,,
283,0.4642114555041466,99.99925710948575,2.6211684773112336,,,,
284,0.4631720362772083,94.17880313439092,3.4868652661795223,,,,
285,0.4627633218979832,95.95015496408764,3.0410800842924326,,,,
286,0.4741421682926233,98.97296124702268,2.540814026215912,,,,
287,0.4771680312598405,99.9999999999498,2.3416797679434107,,,,
288,0.4667066437293817,100.0,2.7791917155894645,,,,
289,0.4645684430900113,97.67311552646518,2.93504751177283,,,,
290,0.4639989778223879,95.38843938265616,3.1256306362328705,,,,
291,0.4743780348062535,100.0,2.319431423348424,,,,
292,0.4701961719968188,99.99999999999352,2.5398792210667973,,,,
293,0.4669959802385149,99.99999999998042,2.715918746136682,,,,
294,0.4613654164833424,97.17481891793558,3.2473920897019406,,,,
295,0.4714769135861509,99.44687568548486,2.4974281827213987,,,,
296,0.4765833120723108,99.2541412814534,2.275507496318121,,,,
297,0.4666141554671916,93.49665311919188,3.1027179083657828,,,,
298,0.45664869015744,96.43234322279967,3.572507562102875,,,,
299,0.4727857735275033,100.0,2.4228200845981376,,,,
300,0.466533880502333,99.99999999999994,2.745393976011847,,,,
301,0.4663855515291897,97.87535906924148,2.871614637586556,,,,
302,0.4661686580038313,99.37203332385742,2.5972715342432395,,,,
303,0.463178496559017,99.0738330495529,2.719420262458197,,,,
304,0.482450015839356,99.99999999993376,2.087674181795496,,,,
305,0.4632865907214648,95.7346654671076,3.130749151296543,,,,
306,0.4698982978248082,98.80322656400892,2.541848006238316,,,,
307,0.4630170513149398,95.12327858299982,3.348058957881374,,,,
308,0.4595234200612228,96.45233042604342,3.154712994227504,,,,
309,0.4621513579688607,99.99999999999832,2.67700137469876,,,,
310,0.4616205523937948,92.85596442696304,3.65669333132742,,,,
311,0.4692365598916431,99.99999999999338,2.516621316559976,,,,
312,0.4703682255480328,100.0,2.359175236199505,,,,
313,0.4686128248012193,97.619778178787,2.741709131836978,,,,
314,0.4695946771646254,100.0,2.333469348270343,,,,
315,0.464220655784301,99.99999999999996,2.637643968166144,,,,
316,0.4595941531549975,99.9999999999984,2.6143309292971018,,,,
317,0.4709451512212015,98.74774966447184,2.58582611778795,,,,
318,0.4735992096637081,98.0333563416873,2.5552054491151743,,,,
319,0.4685928066106143,95.66587752748391,2.9747829618481982,,,,
320,0.4648943294282385,98.07643067408344,3.0007799272145848,,,,
321,0.4700168452576119,97.850268885371,2.520580318189005,,,,
322,0.4709333158332515,99.99999960702468,2.603357833827689,,,,
323,0.4697075929148241,98.63337556663606,2.629084093978908,,,,
324,0.4773276051539951,100.0,2.201071063120631,,,,
325,0.47034746017323,97.99108799492028,2.9305145199121165,,,,
326,0.4632002160186259,94.72464683127284,3.1518292227869864,,,,
327,0.4628592298122677,100.0,2.5132691423417337,,,,
328,0.4711541855817515,97.2418136986186,2.612207711363894,,,,
329,0.4692720137973678,99.99999999956394,2.537036912122081,,,,
330,0.463816905495789,99.41254163171692,2.788668861270386,,,,
331,0.4766854141452979,96.4753739835814,2.5856328223689604,,,,
332,0.4662530399462112,99.9999999999998,2.6595763015218643,,,,
333,0.4524948414944394,95.44828961509928,3.851948774425664,,,,
334,0.4647056361802145,99.9999999999997,2.6223570957581632,,,,
335,0.4731766170436867,99.8998054491124,2.3392149626199887,,,,
336,0.463093082717202,99.14874693321242,2.853048595488178,,,,
337,0.4864999734801674,100.0,2.065676885515594,,,,
338,0.4717640200651354,100.0,2.446792881598544,,,,
339,0.4667014873736073,100.0,2.5168385297225706,,,,
340,0.4624537835353124,99.19539987799398,2.808933128463592,,,,
341,0.4625925956507269,97.18505778602125,2.969209585562784,,,,
342,0.4633524190533643,98.41506485535643,2.838014010018467,,,,
343,0.4683997783632178,98.68507494715016,2.6231314460946558,,,,
344,0.4594573737644053,97.37501447920856,3.014054792005399,,,,
345,0.4717251741655687,100.0,2.457644497328284,,,,
346,0.4691182758709144,100.0,2.7390382116155347,,,,
347,0.4799908861534721,100.0,2.320623229688564,,,,
348,0.4783390450003911,99.99999999999991,2.337666304890114,,,,
349,0.4761872247851418,99.81044828246904,2.3884151044718918,,,,
350,0.4657916651244069,97.16577945217972,2.990233592750545,,,,
351,0.4703964152527389,97.62958684150804,2.7014014495233294,,,,
352,0.4685267172998297,96.66222063539084,2.7015011735386114,,,,
353,0.4703614912534167,96.80035733065478,2.7881805166996347,,,,
354,0.4657845296394798,100.0,2.618548507551319,,,,
355,0.4782330853543805,99.52507790239022,2.2582195840387653,,,,
356,0.4736223472441173,98.94327756791776,2.408446118732622,,,,
357,0.4639841613386697,100.0,2.731851847310052,,,,
358,0.4699653245955542,100.0,2.350443999105774,,,,
359,0.4791140267909056,100.0,2.1091057757206637,,,,
360,0.4717979179641728,99.5483190780364,2.497514057775473,,,,
361,0.4601340981019037,95.18407748669856,3.5446917333605645,,,,
362,0.4724006862956799,100.0,2.3213855120905724,,,,
363,0.4607975593402453,95.39459510397182,3.16562346564972,,,,
364,0.4597165319401252,96.82433210752416,3.4399728514316164,,,,
365,1.0939398730847945,51.8327025369362,4.902380241385023,,,,
366,0.4765083109034866,100.0,2.2197061165271923,,,,
367,0.4702524843164209,97.9321150300484,2.753753205501164,,,,
368,0.4629274040209419,95.63861829065743,3.071578428038919,,,,
369,0.478370059350804,99.27686192122864,2.2457465067804363,,,,
370,0.4735522735057435,99.6743324142592,2.278623252943241,,,,
371,0.462056956971497,98.80024733415772,2.870677533896747,,,,
372,0.4800549687859304,100.0,2.186864214886946,,,,
373,0.4701072304423386,99.64390899977026,2.709470296417598,,,,
374,0.4589570032566608,95.36373274023032,3.107647709540174,,,,
375,0.4634942278518273,99.9999989369812,2.555539433102543,,,,
376,0.4755307805329327,100.0,2.2659208527599444,,,,
377,0.4682437272713708,99.02803154032767,2.642154255863164,,,,
378,0.4694470802845965,99.41572881531148,2.492827680802216,,,,
379,0.4778251981008293,99.99999999999824,2.269367643037745,,,,
380,0.4690660937137825,96.5078871444566,2.7402083240660207,,,,
381,0.4733663442765181,97.60713600289404,2.5606788850963973,,,,
382,0.4696473430310681,96.49263726219324,2.772705414075268,,,,
383,0.4696065937816225,94.43523017147974,2.758800757959849,,,,
384,0.4632602987343989,99.9999999999955,2.500295777349784,,,,
385,0.4678368187863494,97.72244079630634,2.6387630950780743,,,,
386,0.4705400448156926,100.0,2.3607204667157826,,,,
387,0.4660751522791906,100.0,2.483961294277832,,,,
388,0.4664327370400853,96.0839259229722,3.1299066345599997,,,,
389,0.4723361737441652,100.0,2.4168783562415226,,,,
390,0.4753556231029957,100.0,2.419593039637748,,,,
391,0.4749141556083057,100.0,2.354252654007751,,,,
392,0.4835553170794786,100.0,2.129515232561196,,,,
393,0.4614737110780768,95.65992867851384,3.383001443298045,,,,
394,0.4743078176424391,100.0,2.2588135370995426,,,,
395,0.4673535721877936,98.12191638174365,2.643064379761101,,,,
396,0.4702443325258806,95.93019599028035,2.7085331461841533,,,,
397,0.4652479231992071,99.99999999999991,2.4011126341381384,,,,
398,0.4731342299354366,100.0,2.41636299035656,,,,
399,0.4678313778294223,99.99999999998984,2.466935508195811,,,,
400,0.4733713710510729,96.4727764316728,2.722306141438488,,,,
401,0.4681320465418908,97.43766160211597,2.9778493334335168,,,,
402,0.4635362455457503,100.0,2.6938001450239457,,,,
403,0.4666618681174665,98.1664908048363,2.8396549493244025,,,,
404,0.4573233794910396,92.75098218729929,3.970509104980023,,,,
405,0.4766037084166308,100.0,2.346809209395897,,,,
406,0.4635570792280271,100.0,2.8311501234556524,,,,
407,0.4731401138831737,100.0,2.265220727299812,,,,
408,0.4749233182069436,100.0,2.3206585504936434,,,,
409,0.474638720870304,99.9999999999998,2.4443221844086445,,,,
410,0.4672548102554751,98.04032365267844,2.7811895754473333,,,,
411,0.4765129575792167,98.3815654239667,2.367797464705024,,,,
412,0.4706865260804034,99.99999999999974,2.3228214261270863,,,,
413,0.4602943991343038,95.87974696596318,3.486509523556033,,,,
414,0.4640754409954672,95.1542155264195,3.474764957951073,,,,
415,0.4664472000657744,99.90526869708272,2.540859420535652,,,,
416,0.4617520406623036,97.69651144360938,3.15264955626691,,,,
417,0.4705949116785747,93.58770067566668,3.1939094127848437,,,,
418,0.4763215537990099,99.70414632609835,2.317861222618482,,,,
419,0.4702200888209461,97.8862853358532,2.3320200092377488,,,,
420,0.4607693325921961,97.0745595983902,3.15474103322103,,,,
421,0.4797060181254851,98.2971387668144,2.2812964718437896,,,,
422,0.4686261336245259,99.06703350921607,2.659463624414594,,,,
423,0.4708780957009136,99.78815574092184,2.371806937192196,,,,
424,0.4758512874616117,99.99999999999991,2.2077306824628504,,,,
425,0.4673646799683792,99.9999999999997,2.5354075030340355,,,,
426,0.4679804019222877,100.0,2.455650524164321,,,,
427,0.4640141958313524,95.02818623161838,3.2818432807902385,,,,
428,0.4737465623047092,98.02575271450011,2.586836156704791,,,,
429,0.4565590819941876,100.0,3.285826937836044,,,,
430,0.4696452882236165,95.8032106445787,2.8671199925969653,,,,
431,0.4574631512471186,94.67050334026774,3.4259291403180745,,,,
432,0.4792979050763827,98.96041877875136,2.288701990882804,,,,
433,0.4665209840490076,94.0636280319044,3.309811616474984,,,,
434,0.4642507107668841,96.55115919732238,2.823466231334149,,,,
435,0.463349956159782,95.86898478325838,3.503194758352905,,,,
436,0.4631010308443986,100.0,2.863432332318324,,,,
437,0.4549085642281176,97.1605810953043,3.3031218588779865,,,,
438,0.4847322877502666,99.999999999998,2.099623258709077,,,,
439,0.4567560063140756,97.46974031176332,3.0481809956061787,,,,
440,0.4837689554190514,100.0,2.28799787970708,,,,
441,0.467819088546966,95.9669427838692,3.0324704730059966,,,,
442,0.4606286366540195,100.0,2.9468348984868697,,,,
443,0.476665238243689,99.4217276882394,2.517844065188213,,,,
444,0.4648549342899195,99.9998575632238,2.55596989505374,,,,
445,0.4659914075949798,98.60151624142182,2.6249339387716666,,,,
446,0.4764367272729028,100.0,2.2405802698213453,,,,
447,0.4648419701739984,100.0,2.650311853033149,,,,
448,0.4816849370077966,100.0,2.202280910797921,,,,
449,0.4689240983258724,95.66800693081724,3.047249633871275,,,,
450,0.4743110444274944,96.3826884785208,2.5808234276303605,,,,
451,0.4651891783989328,100.0,2.669753038397851,,,,
452,0.4648812905780909,98.64990524076003,2.819281522356578,,,,
453,0.4710246866331767,96.08630401843882,2.788175798801351,,,,
454,0.4636288430630329,98.8722878250724,2.816799806871276,,,,
455,0.470103523436145,98.99815364898964,2.418504501111684,,,,
456,0.4721996185256114,99.39837434340347,2.3592993589832534,,,,
457,0.473877065171991,100.0,2.5221690249866837,,,,
458,0.4622026189507754,99.50461023266648,2.69957327487548,,,,
459,0.4715564494004,96.45967559125836,2.803555806187528,,,,
460,0.474552902477741,99.99999999999947,2.3377699815266118,,,,
461,0.4767752301047829,96.8999867139308,2.4850409059535536,,,,
462,0.4616366636269987,97.45332053641457,2.9860211910732195,,,,
463,0.4761810738911315,100.0,2.3499465480443646,,,,
464,0.4634062847280797,93.32365015180564,3.44057061991437,,,,
465,0.4740502221454595,94.43348517000663,2.81151984391763,,,,
466,0.4809181619225703,100.0,2.2484136005896125,,,,
467,0.4842015016004007,99.99999999999626,1.945747374630963,,,,
468,0.4651559173031709,99.99999999999996,2.624075804242457,,,,
469,0.4657999361887364,98.378611614493,2.73942065483069,,,,
470,0.4705689864170929,98.98777062036471,2.645640382048028,,,,
471,0.4593364036174005,92.41490878244412,4.148063474184091,,,,
472,0.4745631376723838,98.81128989730531,2.391477238197448,,,,
473,0.4691029966709928,100.0,2.469364042712296,,,,
474,0.4721709831488931,99.02255602157253,2.44446964245502,,,,
475,0.4745918731113236,96.70866517199832,2.533848671383447,,,,
476,0.4658470668712332,97.8774203297884,2.7936205119217945,,,,
477,0.4712533012641402,99.80262342009613,2.6020609286922896,,,,
478,0.4731820011565837,96.28838586537832,2.6509656633579373,,,,
479,0.4706868567438569,99.91905307978077,2.455955757669698,,,,
480,0.462247168172946,95.3306463066671,3.505343438171343,,,,
481,0.4587774986134627,96.01961079269893,3.342367099236463,,,,
482,0.4735037095617209,97.965376856093,2.5020105381956657,,,,
483,0.4620834398389243,99.99999999998911,2.603952935520676,,,,
484,0.4639979445012819,95.14715658273614,3.378058663124734,,,,
485,0.4733159130190403,98.00348029483756,2.5174143852760187,,,,
486,0.4611761338173977,94.03903235160828,3.243508869575774,,,,
487,0.4590435001492327,95.5929663179207,3.504614798273193,,,,
488,0.4686936534091347,94.76813981186191,3.032837824305852,,,,
489,0.46059194171535,97.39976035377796,3.2142724684733954,,,,
490,0.4612957661724726,94.09592387302592,3.477411952349463,,,,
491,0.4701285033147722,100.0,2.446896352654649,,,,
492,0.4780409028007401,98.17686305566755,2.306565203942102,,,,
493,0.4726642139869391,99.99999999999066,2.4528045920297297,,,,
494,0.4704582933845836,97.78049355064924,2.769333209375379,,,,
495,0.4697281022495438,99.14470913550169,2.659302245288368,,,,
496,0.4753970972606278,99.83254671488255,2.34891157267948,,,,
497,0.4659034869537518,99.9999999999616,2.511182641238777,,,,
498,0.4678159435733269,97.54942532288982,2.7419233876564784,,,,
499,0.4669614436597586,94.12603614013408,3.120400431970596,,,,
500,0.457232202624216,93.21095730917696,4.156255572155607,,,,
501,0.4725600479837576,100.0,2.399578593974198,,,,
502,0.4675483973702796,100.0,2.498928103612521,,,,
503,0.4661316128434579,98.4127234048958,2.8327930822001828,,,,
504,0.4613627423371942,93.13606853457676,3.307720644310118,,,,
505,0.4699961264967772,96.80007819812816,2.661983716790914,,,,
506,0.4591047843390611,93.80040525684932,3.7151593591912,,,,
507,0.4689179547824617,96.36738012654487,2.963500343326909,,,,
508,0.4719051270338481,99.80291875764148,2.497605669129134,,,,
509,0.4558950842227551,96.24542132081768,3.919245716125921,,,,
510,0.458841436654033,100.0,2.7714998218736224,,,,
511,0.4676935672030706,97.30641328863602,2.701196069536117,,,,
512,0.4675013325506793,98.48657605844468,2.777427255899417,,,,
513,0.471149506516507,100.0,2.483098372284552,,,,
514,0.4651621480872221,98.51849707449304,2.646616383299928,,,,
515,0.4764319231014317,96.61095713388411,2.4603304857175106,,,,
516,0.4533097138522795,97.03297169933558,3.3986142133059687,,,,
517,0.4643098806245539,99.64304943172648,2.768338596071787,,,,
518,0.4802400900721372,100.0,2.3415312500424434,,,,
519,0.4643895165162476,98.07631190446276,2.8296715430407238,,,,
520,0.4646500469872447,97.86548842143364,2.633161878287668,,,,
521,0.4706714689721688,98.75273902109078,2.563779512153447,,,,
522,0.4824490228566496,99.99999999999991,2.126797167078923,,,,
523,0.4714399718767592,99.99427859387292,2.605244062892277,,,,
524,0.4670672672820036,99.99999999999876,2.619202132660573,,,,
525,0.464870026365489,95.04883880223854,2.8992617913958934,,,,
526,0.4581070370771172,96.02705949203758,3.593841156549713,,,,
527,0.4758744676759008,96.52776708601183,2.502763851346093,,,,
528,0.4649368924875372,94.96426131087942,2.8953405114348194,,,,
529,0.4643640984995081,96.418787183066,2.778310687855462,,,,
530,0.4761911657272286,96.83066540130989,2.540766046279129,,,,
531,0.4633628500920144,99.99999999999996,2.7129907290890074,,,,
532,0.4660689987008725,96.53251673629954,2.917221496202756,,,,
533,0.4687420501896517,99.99999999990504,2.498080818858321,,,,
534,0.4601526010118978,93.8646267319996,3.48318886482864,,,,
535,0.468220442765141,99.999999999954,2.5321134115813937,,,,
536,0.4636154831937418,97.42859773308696,2.697494312068447,,,,
537,0.4677297731035517,97.75131534215129,2.7774089651437377,,,,
538,0.4659007199073397,95.84071844329944,3.1640678265277677,,,,
539,0.4683877711151767,98.1432332196913,2.618570534152003,,,,
540,0.4654866487877383,100.0,2.498973335404718,,,,
541,0.4665593699188984,98.7171363915434,2.641531073259608,,,,
542,0.4614949570745255,99.28572331814324,2.7248642905573663,,,,
543,0.4691463041857318,97.76324111230043,2.737762800784865,,,,
544,0.4642452903269261,99.99999999928572,2.5285909503549227,,,,
545,0.4633847987430677,96.5550007511532,2.9349290111533177,,,,
546,0.4572147301655428,95.69966545979436,3.725418672468036,,,,
547,0.4619331290857691,96.9176140543003,3.313953911461476,,,,
548,0.472238713162678,100.0,2.437015836618649,,,,
549,0.4700815739617198,96.49463310129184,2.6427577012645966,,,,
550,0.4562766389858657,99.4941000562696,2.9922303969532886,,,,
551,0.4667749196663425,97.58341395074017,2.648513750848676,,,,
552,0.4694660863712694,99.99999999999469,2.505974114515276,,,,
553,0.4791106162378728,99.99999999999996,2.303758762273512,,,,
554,0.4636270359738394,97.61562359422058,2.7237094097889485,,,,
555,0.4662988887159631,99.3790050818322,2.842958922702804,,,,
556,0.466670439424486,96.25206605080494,3.088987962227559,,,,
557,0.4685060345102482,99.1414617636644,2.6305113791468058,,,,
558,0.4782700881020996,100.0,2.250278302177447,,,,
559,0.4747011859283276,100.0,2.302737366382108,,,,
560,0.4701767771076849,98.27288076486546,2.64266422083018,,,,
561,0.4738848200288124,100.0,2.3863609993162904,,,,
562,0.4570277739173403,96.0281145105739,3.329304926745902,,,,
563,0.4630161196320551,96.21853406965477,3.0123656157366567,,,,
564,0.4666854771406438,95.85294754265551,3.226420555880372,,,,
565,0.4696515534746001,99.94194627528223,2.3761489212144067,,,,
566,0.466939506068624,95.43834861643316,2.9572197859399547,,,,
567,0.4756461644278332,99.59929563924328,2.4874206649373405,,,,
568,0.4752659758074475,99.41734107797096,2.341674509883847,,,,
569,0.4599760209983436,98.4533563567214,3.194995001136365,,,,
570,0.458563309735154,99.16417533523668,3.171075155512288,,,,
571,0.4567695418625576,96.76454265881378,3.353073510309252,,,,
572,0.4623638753863588,95.24343660015094,3.2779016906188514,,,,
573,0.4631109960291832,99.91104809392029,2.5714055541859766,,,,
574,0.4847082986680083,98.4042839171624,2.111725168311868,,,,
575,0.4631555438273207,99.9999999992066,2.579203766350794,,,,
576,0.467365083339582,94.83895007304906,2.7788073486302545,,,,
577,0.4710895858813287,100.0,2.54304455085855,,,,
578,0.4563066623965264,93.27242612362184,3.7837032867767393,,,,
579,0.4864557487529981,99.99999999999903,2.213806276665497,,,,
580,0.4703918075197375,100.0,2.39003204400066,,,,
581,0.4681584131432613,97.07716696762276,2.802826293658335,,,,
582,0.4650666187532288,97.00364964914672,2.906962720247358,,,,
583,0.4694935501156304,99.99999999999996,2.465014788584558,,,,
584,0.4667095004570266,94.59543723558394,3.164573524949786,,,,
585,0.4658310605695669,99.52233543683276,2.6243522286352694,,,,
586,0.4681774711307874,98.5881483996119,2.835619714187644,,,,
587,0.4738486097217393,98.69086639689574,2.4889105659289714,,,,
588,0.4692018288080677,99.53879766886344,2.4340804024468325,,,,
589,0.4768619772302316,97.26160212409476,2.6160924245425865,,,,
590,0.4682921317360694,98.97147476825026,2.6345181974511584,,,,
591,0.4772818701017818,98.10611112192818,2.394504325184236,,,,
592,0.4626817051039305,95.21796477187895,3.0354213421070613,,,,
593,0.472016694207291,99.99999999999912,2.478792528852329,,,,
594,0.4657333638934964,98.00359429507712,2.889048686208477,,,,
595,0.4692050907756959,96.99289663547854,2.7253653106900924,,,,
596,0.4656378488380673,99.9999999996608,2.54959510152013,,,,
597,0.4654208349526206,100.0,2.764373354237318,,,,
598,0.452688202843342,97.64462055673934,3.120029786700237,,,,
599,0.4648646738868341,99.9999999999998,2.6939417978939275,,,,
600,0.4789282405604225,100.0,2.119723285529999,,,,
601,0.4685948172817658,99.9999242746845,2.5685052521390213,,,,
602,0.4707717779586993,95.07586773577766,2.799609073444417,,,,
603,0.4687926310975835,98.34953946301884,2.725362402996674,,,,
604,0.465749468901947,99.0097195918359,2.7604242409111417,,,,
605,0.4756090033341834,100.0,2.178736433367515,,,,
606,0.4728348249831468,98.30006781453147,2.4164053557673912,,,,
607,0.4673274312916243,98.62422419269848,2.6217482324769463,,,,
608,0.4652042862997277,98.09307273250126,2.715366165781812,,,,
609,0.4703531998368318,98.8216469705445,2.626057632521457,,,,
610,0.4538256379108715,93.83384925440184,4.2136627343487465,,,,
611,0.4758662802972584,98.24863687221313,2.4777206734817434,,,,
612,0.4592659631231222,99.99999996181823,2.860945639411921,,,,
613,0.4731836462269109,100.0,2.41354157407344,,,,
614,0.4775770291772386,100.0,2.3118352886910056,,,,
615,0.4672943328596101,95.60033985680862,2.795867737795906,,,,
616,0.4635150740576657,94.58118802063764,3.227572591557632,,,,
617,0.465184985180137,94.66116087795544,3.001442524183699,,,,
618,0.4651609420801333,99.99999999999744,2.6168876281462228,,,,
619,0.4626066459604475,99.99999999999756,2.7714796767704963,,,,
620,0.4696740010470481,99.47288711624871,2.456673202762089,,,,
621,0.4875680630444408,100.0,1.9118949387377864,,,,
622,0.4776537048200188,95.92970040277116,2.420933174873597,,,,
623,0.4628533971991108,95.9984291969508,3.208273955542846,,,,
624,0.4617488761199669,94.35468868583752,3.280888799005427,,,,
625,0.4693492600198387,99.99999999999746,2.6197425687196803,,,,
626,0.4705567196814366,99.5347430037447,2.4695435515841027,,,,
627,0.4642217607714798,98.74651905102128,2.7226222474628003,,,,
628,0.4586243376333948,93.7566699493116,4.154110954858584,,,,
629,0.4693654932373741,98.77515198746876,2.553654199723266,,,,
630,0.4697043756754873,99.55878497304464,2.5708848585801327,,,,
631,0.4743741327224314,100.0,2.506177255686533,,,,
632,0.4749915025158073,98.18812181796724,2.254976288335312,,,,
633,0.4689642838815032,99.10021847024724,2.492330957163192,,,,
634,0.4763456468783635,100.0,2.1353324088146155,,,,
635,0.4703800130323073,99.99999999999864,2.2638769599153235,,,,
636,0.4702911354460298,97.9898249346274,2.69190487214048,,,,
637,0.4746320476091436,100.0,2.406082959188085,,,,
638,0.4713830398295955,95.7182130831582,2.82554341576023,,,,
639,0.476440708870575,100.0,2.210895392409768,,,,
640,0.4677220799553811,98.192464316228,2.5915855044614866,,,,
641,0.4717992914386562,100.0,2.5482535500420744,,,,
642,0.4616864856772199,100.0,2.8499799871764715,,,,
643,0.4752384281821005,99.01737221804484,2.4120072439740223,,,,
644,0.467471288479503,100.0,2.642622769578807,,,,
645,0.4649619529579187,99.9999999999982,2.6432398838274747,,,,
646,0.4691566366841934,100.0,2.475194255943599,,,,
647,0.4583521818177108,94.3865115287221,3.4855207744903955,,,,
648,0.4684477322394315,100.0,2.449349357140854,,,,
649,0.4832773561120639,99.99999999999856,1.9735447415878489,,,,
650,0.4669888202711703,96.61896068765934,3.209568385003392,,,,
651,0.4615670274982408,95.6639686524898,3.383450526494564,,,,
652,0.4678938399819799,100.0,2.405255814181864,,,,
653,0.4692775009645004,94.48927372780383,3.187806253590152,,,,
654,0.4774540136090762,97.87349505134846,2.5006565531091867,,,,
655,0.4680396194121675,94.07060148280522,3.2575202979155056,,,,
656,0.4642594460732913,94.7768757268833,3.0231958703072377,,,,
657,0.4741676544329185,100.0,2.3915172973633783,,,,
658,0.4650617714792982,96.82893309186282,2.755457449665641,,,,
659,0.4616273655415017,95.95728429999116,3.123084911701653,,,,
660,0.4747608166774669,96.7681019938866,2.5927659425624885,,,,
661,0.4696699934149239,97.9042663387175,2.46258685991905,,,,
662,0.4650548635164732,94.59725818920836,3.1169074941503543,,,,
663,0.4614990220734716,96.95456797012488,3.053922464655363,,,,
664,0.4763107179975913,100.0,2.277706513811447,,,,
665,0.463801682667897,96.29738446794175,3.0920087198328963,,,,
666,0.4543158903007496,96.76918478279931,3.7347945602407786,,,,
667,0.47584546655959,100.0,2.2801753276886725,,,,
668,0.4622017217123514,96.87863156785168,2.793375248475457,,,,
669,0.4739298218117947,98.30155538564864,2.4083549142225853,,,,
670,0.4620304059641812,96.57006991329943,3.137616583027957,,,,
671,0.4638715840053795,99.99999999999996,2.6181770845284147,,,,
672,0.474917743659612,96.94839737156578,2.5685642135588287,,,,
673,0.4732782193665406,97.4667011224879,2.608102051578202,,,,
674,0.4583464973263557,93.81200757515192,4.231580776258798,,,,
675,0.4680111524111485,99.5636371510994,2.631649492107897,,,,
676,0.4652265951318834,100.0,2.771614655631132,,,,
677,0.4690238591401789,98.94486239092676,2.736337357770469,,,,
678,0.461563305007645,98.94686630582012,2.742289416710366,,,,
679,0.4514825266409538,93.59838446985204,4.245888690999129,,,,
680,0.4662221278277891,100.0,2.6717309144686388,,,,
681,0.4643834828660416,97.146982447009,2.8293816056001093,,,,
682,0.4661746754008276,96.9264966475345,2.914594044587933,,,,
683,0.4703544047629044,98.08319758831712,2.700927243828544,,,,
684,0.4743174481457416,99.99999999999818,2.1715258173180665,,,,
685,0.4688655160038605,99.9999999999949,2.3890714987735504,,,,
686,0.4596189099170248,97.59884223513652,3.331803021397028,,,,
687,0.4746531853257482,100.0,2.292814687387843,,,,
688,0.4723649516731814,100.0,2.3866623847414745,,,,
689,0.4684975201417469,99.99999999914697,2.6107988462227274,,,,
690,0.4713048655952756,100.0,2.5152312798330363,,,,
691,0.4711859935277513,99.99999999999936,2.3827148468577364,,,,
692,0.4733422433768518,97.08195788823537,2.4044157481491544,,,,
693,0.474904922183208,97.1706860440369,2.4072043259455183,,,,
694,0.4709984420129629,97.79090633899015,2.6573100409994352,,,,
695,0.4603727718087633,93.69149024660813,3.635474757440443,,,,
696,0.463438684297868,99.99999999999994,2.592706616108404,,,,
697,0.4806359386844316,100.0,2.113173343409174,,,,
698,0.4646871422698093,97.85864257372856,2.7630605171752527,,,,
699,0.4759588286163594,98.710875283705,2.408192511556907,,,,
700,0.4671195265062239,96.03933515947118,2.795440640529642,,,,
701,0.4627289775989375,100.0,2.763879905698892,,,,
702,0.4711596029130429,100.0,2.434965322642254,,,,
703,0.4712909141632616,98.00982797530077,2.768301960922864,,,,
704,0.4700672352823367,99.84406467711354,2.57765569765613,,,,
705,0.4628810496349618,96.0548836170812,3.559480363527328,,,,
706,0.4597160995115535,95.29616947887598,3.38458427412285,,,,
707,0.475290906979756,100.0,2.2739855425100544,,,,
708,0.4787479661148626,98.44780752470614,2.385443737447595,,,,
709,0.4649673570775589,98.1271132903816,3.182969912607158,,,,
710,0.4814034148967684,99.99999999999932,2.167375084346576,,,,
711,0.4624797681392651,96.34137374227416,2.9966444640689844,,,,
712,0.4657788666580944,100.0,2.6550352243753363,,,,
713,0.4602559694811631,99.09577655708485,2.860651443534376,,,,
714,0.4638198091922129,95.64304536701576,3.029325886227758,,,,
715,0.4715907535253718,96.5330689873195,2.7345545499710453,,,,
716,0.4776562635485735,100.0,2.2539520537663167,,,,
717,0.4572225076450214,95.3453576482624,3.666382131714014,,,,
718,0.4800938673069352,99.23205805333504,2.370201452598661,,,,
719,0.4692392854103487,99.99999999999868,2.464239010840052,,,,
720,0.4693085934998685,96.54118986580924,2.8451335225590886,,,,
721,0.4752318484766266,97.61666629211238,2.559952707300867,,,,
722,0.4623023229417713,94.14127016476954,3.241187274739456,,,,
723,0.4676357016932047,96.09046472378148,3.087783957547505,,,,
724,0.477741597545626,99.99999999999612,2.2815187906827674,,,,
725,0.4705781349134449,99.26155636721032,2.500514780461596,,,,
726,0.4755078820987138,99.99999999999989,2.296311933260246,,,,
727,0.4601425667503428,99.99999999971234,3.0081456022205986,,,,
728,0.4695599684773118,94.55444164809344,3.144157772505167,,,,
729,0.4752474289315178,100.0,2.3708049175409243,,,,
730,0.4722611831607663,99.9999999999999,2.4461029291825804,,,,
731,0.4787383212249533,98.87044808981793,2.381716414880415,,,,
732,0.4545799983488792,99.3873514920321,3.133936334974508,,,,
733,0.460720562550808,94.31107505310987,3.233096596100072,,,,
734,0.4791944066477555,99.99999999997311,2.097098165956135,,,,
735,0.4660827552588449,99.99999999699445,2.905944101468332,,,,
736,0.4642906580836138,96.92625144523758,2.932625512873164,,,,
737,0.4690131358076353,96.4428575880256,2.689164836582064,,,,
738,0.4595280343971384,99.9999999999997,3.052982240931396,,,,
739,0.4622819877874367,100.0,2.707072542263823,,,,
740,0.4641300524746665,95.43892443694465,3.146181194804278,,,,
741,0.4722488250986204,97.8172800788054,2.5687735092094406,,,,
742,0.4770153063394667,100.0,2.097347159493063,,,,
743,0.4679914739822835,99.2191916228776,2.4519812834642107,,,,
744,0.4652842634230401,93.70926472936635,3.295614334663384,,,,
745,0.4691000019872041,100.0,2.4491278817432542,,,,
746,0.4730982248831616,97.98948668993226,2.5847047766445894,,,,
747,0.4490719144484666,98.00683146509309,3.607759584407098,,,,
748,0.4705348076320976,100.0,2.3764692825889684,,,,
749,0.4658073594561731,97.96821603898864,2.835700550366,,,,
750,0.4653503183883763,96.06879732630868,3.47682981683312,,,,
751,0.471445475759799,98.0142535073865,2.652524927537304,,,,
752,0.4783716408092065,99.9999999999999,2.263600919605936,,,,
753,0.4776358340838177,100.0,2.422505157924911,,,,
754,0.462497586810905,98.71070527073483,2.811560158243728,,,,
755,0.4727525152671915,100.0,2.3793838100694438,,,,
756,0.4627577017958318,97.11115234569093,3.016269079191486,,,,
757,0.4560050597754264,99.99999999999996,2.918412493376031,,,,
758,0.4675534647138717,99.99999999999991,2.617606510430395,,,,
759,0.4596708933863488,100.0,2.8106992625930927,,,,
760,0.4759521921841511,99.99999999999592,2.343861635456763,,,,
761,0.4561580936518788,98.51952429454212,3.3033819845062133,,,,
762,0.4664176009430773,98.1730118437388,2.570538708509839,,,,
763,0.477750274572949,100.0,2.316964098281157,,,,
764,0.4672076797946459,98.07693974035112,2.6438253542946164,,,,
765,0.4697045428775519,100.0,2.320580012261452,,,,
766,0.4661544093398482,100.0,2.5167761323484648,,,,
767,0.4570217566299739,97.87204097945975,3.2278814477285205,,,,
768,0.4653458022202125,99.99943752627414,2.580789308621731,,,,
769,0.4692858089511056,99.0088681972755,2.659344781982478,,,,
770,0.4673576708876029,99.69880763450004,2.556080650546228,,,,
771,0.4655098802123599,97.47348043005633,3.2500007733180825,,,,
772,0.4672414558476341,100.0,2.463992860209318,,,,
773,0.4737647865920423,99.99999999999984,2.413033777706506,,,,
774,0.4691737066269141,98.0773731844818,2.5695237274541527,,,,
775,0.470035463301212,98.56997182579312,2.6020000149876674,,,,
776,0.4690863818851555,99.6671177727591,2.674158847043531,,,,
777,0.4613267196569677,95.9537475826338,3.478998802202107,,,,
778,0.4753985256450246,97.81353879359207,2.553799836942268,,,,
779,0.466823536608188,100.0,2.6748701217680235,,,,
780,0.4625492313073659,99.9999576721347,2.5748675728048576,,,,
781,0.474507793727733,99.54246280359648,2.40679412237899,,,,
782,0.4842865997467236,99.99999999998508,2.176464204630431,,,,
783,0.4622874968642737,97.22062202347992,2.9285891609630825,,,,
784,0.4675947002834197,100.0,2.3407085246480377,,,,
785,0.4555286183549472,94.90503171466383,3.845275692072953,,,,
786,0.4791473233782294,99.99999999632826,2.038096681202405,,,,
787,0.4690639720712624,100.0,2.5907640499968605,,,,
788,0.4646917056884224,95.18564810035768,3.0731694859759573,,,,
789,0.4791148983776789,100.0,2.303926419831979,,,,
790,0.4624050890964396,99.52285587861272,2.7071202280812714,,,,
791,0.469960202294185,99.99999999999972,2.490275648326761,,,,
792,0.4770718149524774,100.0,2.235348746931439,,,,
793,0.4647089103536754,95.31195647455444,3.15989647293086,,,,
794,0.4685271626870069,99.99999152234008,2.5951534029210315,,,,
795,0.4718932413693737,99.75360697104055,2.4962608786901006,,,,
796,0.4675636833269342,100.0,2.656066955125252,,,,
797,0.4658132642754413,98.61872763078,2.788339995828158,,,,
798,0.4610646518469513,96.78333871184952,2.977392690448782,,,,
799,0.4682559180458652,98.04774064602634,2.8248935828295885,,,,
800,0.4703258862979024,100.0,2.474673126519784,,,,
801,0.4720541399064176,99.99999999999928,2.256941202179753,,,,
802,0.4625019323733416,100.0,2.7991969633983897,,,,
803,0.4638331606457904,98.75546220000444,2.883253468820853,,,,
804,0.4754722477327324,100.0,2.4165048981772386,,,,
805,0.4649869121614413,94.6691841222678,3.070253918503611,,,,
806,0.4671347816904312,98.48401621441263,2.9060024451294213,,,,
807,0.4727156114817232,100.0,2.389499052024342,,,,
808,0.4824717758297879,100.0,2.239111240347195,,,,
809,0.4633625508503065,97.06356308757728,2.9678055932508998,,,,
810,0.4706115306514545,98.70740567389012,2.659701674097216,,,,
811,0.4629543566400488,96.65007121539487,3.1328076736406767,,,,
812,0.4666343211640368,97.85819272146112,2.826020188852163,,,,
813,0.4694514279962834,97.4488227026732,2.5432513464712563,,,,
814,0.4733870134624809,99.18957711219858,2.526619884922225,,,,
815,0.4780708952375888,100.0,2.276823722974383,,,,
816,0.464594909115458,98.02430820933048,2.956841340382261,,,,
817,0.4640147740510443,100.0,2.631908576735301,,,,
818,0.4609463387800197,94.70559335205785,3.436581494587301,,,,
819,0.4568171130438027,96.47715558226692,3.604863169780512,,,,
820,0.4661300913426436,96.43212706396216,2.953913021478192,,,,
821,0.4717180079703329,98.16172840099664,2.481396791845485,,,,
822,0.4638681675453033,93.3783209402872,3.7634902683166263,,,,
823,0.4705423933291659,96.54563360408886,2.8901469035157703,,,,
824,0.468792605525765,97.91016760523344,2.8159560784419013,,,,
825,0.4635624411879186,93.76849873969726,3.2483269906616425,,,,
826,0.4595342617469752,97.01020016448923,3.381764538849072,,,,
827,0.459057011890679,98.03445021284384,3.233061624795344,,,,
828,0.4572080076147405,98.35900135113688,3.4184589025910803,,,,
829,0.4611843104426046,99.51546269380928,2.916115273572712,,,,
830,0.4705824963878924,96.97342370183482,2.75140521064716,,,,
831,0.4784789599777753,99.20566503070494,2.3570672096531733,,,,
832,0.4650211618884937,99.49455518241255,2.6506857129394152,,,,
833,0.4687411663704839,94.97895623272116,3.0359625487754696,,,,
834,0.4667865278655497,99.96008264181847,2.5459959899314786,,,,
835,0.4673042721013689,99.999999996685,2.595742020917592,,,,
836,0.4584108095113169,95.7219825008262,3.498108299327635,,,,
837,0.4604286443583442,94.75421470772726,3.4296515504531726,,,,
838,0.4655024512179425,97.63899101652513,2.707690905429457,,,,
839,0.474262863159318,99.99999999999994,2.3062587762665308,,,,
840,0.4721751021974238,98.3991520635675,2.6642334872908973,,,,
841,0.4685082373472952,99.99999999999912,2.7056801320092663,,,,
842,0.4724702940588056,98.64821930646332,2.411107133543761,,,,
843,0.4597415533170298,94.4239586300334,3.899118781039416,,,,
844,0.4745967618350161,100.0,2.3521262131551484,,,,
845,0.467972932145902,99.63037442360252,2.714131427547841,,,,
846,0.4552010935708836,95.23830813670573,3.6913286760310258,,,,
847,0.4657850878645598,100.0,2.627414035409317,,,,
848,0.4645721799772879,99.37726633504018,2.8526559876264983,,,,
849,0.4613551043221784,95.66047047973288,3.265185438868248,,,,
850,0.4701881557879061,99.9999999999864,2.459069710592601,,,,
851,0.4673321212486153,95.9222884321687,3.0945177429795225,,,,
852,0.4661870950387756,99.9536931180622,2.491417583732724,,,,
853,0.4625259123324306,100.0,2.694806733494542,,,,
854,0.4709516121960321,96.01246221735798,2.742155394668892,,,,
855,0.4763350872658753,99.99999999999966,2.250336445253668,,,,
856,0.4613570923968679,94.86238933136144,3.2752214416735064,,,,
857,0.4606599889296917,94.51035337873476,3.5068981093647773,,,,
858,0.4675023664450318,97.00572476869348,2.8309086465416917,,,,
859,0.4568068255321623,96.33570721790934,3.274757599453033,,,,
860,0.4840639413395851,98.7997525384579,2.307736212837893,,,,
861,0.4737897344795024,99.99984720134024,2.5859994420235557,,,,
862,0.4728199194360574,99.87352684996874,2.2844164612586058,,,,
863,0.4689365998023585,99.99996097799584,2.579876368945856,,,,
864,0.4638189963704333,97.62627405743542,2.961716477194028,,,,
865,0.4628083531721969,94.07306275404196,3.742471883133735,,,,
866,0.4708922400147516,98.22964132049792,2.60162528131607,,,,
867,0.4776937502748592,100.0,2.192099244347197,,,,
868,0.4673076919328796,98.00170699715632,3.003759398262999,,,,
869,0.4680290338202494,96.42493705264296,2.552711525504729,,,,
870,0.4730779137065974,100.0,2.369954829060082,,,,
871,0.4626324051803525,94.4136505598392,3.409306746234925,,,,
872,0.4637990789778307,99.99537633131634,2.5647188822595006,,,,
873,0.4586257996933719,97.9732150825593,3.0437382762207474,,,,
874,0.4593368575037929,97.15175242361084,3.5261859199805543,,,,
875,0.4659194333872063,99.99637374322982,2.559627772778036,,,,
876,0.4684189483689554,99.99999949546546,2.5405101012465945,,,,
877,0.4753415865191804,98.75320740367046,2.332865801820016,,,,
878,0.4726293313300805,100.0,2.6029274443618644,,,,
879,0.459494800697954,98.34243302790937,3.4304403095785,,,,
880,0.4667200814668689,100.0,2.7734781273433025,,,,
881,0.4740574366784895,100.0,2.2596281545087518,,,,
882,0.4648928005526887,100.0,2.4847427279074514,,,,
883,0.4615006674637746,98.72380029949775,2.7975697373388573,,,,
884,0.4714041900927689,94.72798719384184,2.829452290241775,,,,
885,0.4651909870434007,96.29967931229363,3.1525423099569174,,,,
886,0.4560468103871872,92.2942909398356,4.026759849234666,,,,
887,0.4671903881487198,95.45369281565738,3.183428557620956,,,,
888,0.4642054479490656,94.88577886036786,3.162686787615764,,,,
889,0.4685058824408744,98.24255274543836,2.546546855400861,,,,
890,0.4702836792570525,99.08387602315882,2.435853802810048,,,,
891,0.4848319226293446,100.0,1.991735004879126,,,,
892,0.4688408436786769,95.6594131154054,3.111293225602151,,,,
893,0.4691752263599159,99.10000797250544,2.6142754989781096,,,,
894,0.4702163540477406,98.95119144192635,2.7230289346251846,,,,
895,0.4652254819464564,100.0,2.685504857471065,,,,
896,0.4555817611044747,100.0,3.202147301888449,,,,
897,0.4664060426249263,99.9917171331856,2.543985329073899,,,,
898,0.4790951118693991,100.0,2.253663340286732,,,,
899,0.4672352615576565,97.06307865147416,2.6649853859259167,,,,
900,0.4768232262720904,99.9999999999984,2.2411452764576523,,,,
901,0.4695765959829455,97.84850978430596,2.647339095994393,,,,
902,0.4707055327133356,100.0,2.453160445455111,,,,
903,0.4690522965887845,99.15052811333877,2.725162483468699,,,,
904,0.4721879716624088,99.5642314520466,2.56461903605061,,,,
905,0.4697883629577618,97.48026266421168,2.6802428919942427,,,,
906,0.461495719076859,92.82833826146086,3.717202704737573,,,,
907,0.4728130323163151,100.0,2.320136848410213,,,,
908,0.4656463742936929,99.99999999999989,2.6391842511345027,,,,
909,0.4657309661810316,98.90158981535971,2.693798138580366,,,,
910,0.4680231753845295,98.41572219892264,2.700132075823749,,,,
911,0.4668863215858065,99.91074831543686,2.584221992530432,,,,
912,0.4583473285591535,96.15726698935931,3.4064642227700173,,,,
913,0.4644545448943032,96.69031662618931,3.0774093687886057,,,,
914,0.4693980713371944,98.6051629456922,2.619524105817056,,,,
915,0.4814139080927241,99.91829138043435,2.1958371668355148,,,,
916,0.4660213163211162,96.324257427134,2.974651749414358,,,,
917,0.4672684555149095,99.1193582733885,2.632551573068572,,,,
918,0.4628464267603279,97.96378087328974,2.8182382238718544,,,,
919,0.4637387715418755,99.9999999999999,2.6105051198312617,,,,
920,0.4722676026544591,97.561948536135,2.3622406899081225,,,,
921,0.4745680240175877,100.0,2.3031253829915266,,,,
922,0.4736638898480583,96.785381265496,2.5565279172382884,,,,
923,0.4668106570281375,99.99999484225776,2.562517134241937,,,,
924,0.460442038736084,95.16365859602162,3.4250005491212883,,,,
925,0.4740423385133385,99.13746167861326,2.4107874535605536,,,,
926,0.4633662984000058,97.78414854626246,2.980119302965523,,,,
927,0.4717433162044228,99.99999999999814,2.359565545426677,,,,
928,0.4649427228659865,99.99999999987809,2.687399006962983,,,,
929,0.4587272388696816,95.99015224435516,3.1290944751639787,,,,
930,0.4739463931861377,99.73381053512068,2.277550261213973,,,,
931,0.4730967149290693,98.5320664746434,2.419378780824118,,,,
932,0.471409298912318,98.90477212565382,2.635167745068772,,,,
933,0.4640697457251724,97.64426242531016,2.99630952818101,,,,
934,0.469466498212908,100.0,2.3896712118073187,,,,
935,0.4821690265262969,99.99999999999837,2.122811535706433,,,,
936,0.4647604064228704,98.90618172919136,2.7234492003407875,,,,
937,0.4722487527818124,97.25595074894304,2.830911733994804,,,,
938,0.4671079365279269,96.70617747870304,2.7500924951969443,,,,
939,0.4677906112893555,99.66119302642592,2.594105281680858,,,,
940,0.4748412372666268,96.22228911129704,2.663236270912828,,,,
941,0.4619457659641628,96.0126449866893,3.133315488219026,,,,
942,0.4683334321472545,99.99999813560002,2.5867204887241564,,,,
943,0.4758334900195123,99.52690210596538,2.272976587579966,,,,
944,0.4599405195824255,97.94846841299534,2.943631493342296,,,,
945,0.4677530837886492,97.62702702661716,2.7252659471035305,,,,
946,0.4686221419834935,100.0,2.655663763703539,,,,
947,0.461955017361531,91.95303843305152,3.951971422717244,,,,
948,0.4626623825036222,98.01418118435532,2.791018469120149,,,,
949,0.4608879836116025,96.3040340751306,3.188163780789124,,,,
950,0.4656235107438176,99.6708407817667,2.6201981196946296,,,,
951,0.4613355082697113,97.1624429922024,3.212986671214208,,,,
952,0.4760575685003294,99.03669044855046,2.3768602320583336,,,,
953,0.4733100633281171,99.99999999999636,2.3432088583443464,,,,
954,0.4755239476496447,99.99999999999729,2.3075503972007168,,,,
955,0.4770001705336745,100.0,2.3266708803680665,,,,
956,0.4626903599954791,97.64172316412964,3.034575566902685,,,,
957,0.4654089663644048,98.3671420706989,2.719036651983086,,,,
958,0.4637473619199499,97.96010754716592,2.8330329878225275,,,,
959,0.4695174418207068,100.0,2.477362792373261,,,,
960,0.4691911826346788,99.3231102098598,2.608169109568571,,,,
961,0.4679614655639529,96.53045042716874,3.104483822650614,,,,
962,0.4746044924158241,98.22514623005146,2.4953575770775136,,,,
963,0.4614554454310501,99.99999999999996,2.6885398974854517,,,,
964,0.4604317420335904,94.18174940538869,3.664260880087179,,,,
965,0.4738270293859875,100.0,2.3219664047060413,,,,
966,0.4790054438706236,100.0,2.3020196287230474,,,,
967,0.4702431526699695,100.0,2.3816060038493894,,,,
968,0.4700971780757201,99.48398064070976,2.3908604835285123,,,,
969,0.4642257917862776,94.19521202360598,3.064185811871905,,,,
970,0.4677126059606996,99.99999999987617,2.5394353280313355,,,,
971,0.4758433449986239,100.0,2.236505043650182,,,,
972,0.4667699463380325,99.99999999999862,2.5937372104812884,,,,
973,0.4623227165411688,99.27177581348596,2.699978708833245,,,,
974,0.4695407273423663,100.0,2.5073509153596727,,,,
975,0.4691852820691277,99.74225021084456,2.554063822794614,,,,
976,0.465198732317659,100.0,2.7446960109609435,,,,
977,0.4677103644629326,95.44039831813996,3.100295983772282,,,,
978,0.4731803088510872,98.90337986391872,2.2572628576942138,,,,
979,0.4658259093676708,95.94660353566124,2.8309541722231977,,,,
980,0.4569769804149221,97.43521449321744,3.332623003468269,,,,
981,0.4593743022310026,93.32651387228869,3.560572920538038,,,,
982,0.4696114434576032,95.34844446144702,2.7825190013225267,,,,
983,0.4607347909164487,94.00248073914548,3.298091012867473,,,,
984,0.4637454182974511,100.0,2.7417630947372484,,,,
985,0.4627853008718414,96.0510207977654,3.122148417259167,,,,
986,0.4594997757877432,99.21979014321384,2.969484231031651,,,,
987,0.4671164838139648,100.0,2.535271987996522,,,,
988,0.4574018075775675,96.52938614417488,3.5861005724739656,,,,
989,0.4681601610239344,96.7230493645953,3.19453015740918,,,,
990,0.4666159437942336,99.10375704353244,2.683335104812855,,,,
991,0.464910240671606,97.70048139056036,3.101358240627243,,,,
992,0.4696163456114371,97.83774814993244,2.613540532560904,,,,
993,0.4635815771013191,97.0366988845706,3.4019972529937683,,,,
994,0.4762928359269537,99.99999999999864,2.333387242022713,,,,
995,0.4683376218848702,96.92375474658614,2.6157584567839693,,,,
996,0.4694104047859898,100.0,2.7859189831303106,,,,
997,0.4695239949291764,98.82110593204402,2.579151646584266,,,,
998,0.4723798903215285,100.0,2.415844352928888,,,,
999,0.4691312876173155,98.72134519351135,2.624640879446864,,,,
