,r,K,v,d_A,alpha,phi,n,EC50,SSR
0,0.7886251784645991,98.49337405893252,0.8757313799381046,0.1252479656454649,0.6851220285977314,1.2549325469388857,1.100071135132602,4.693839419124746,355.7258128725421
1,0.7668292665203443,99.8820355123767,0.8956070090155754,0.0526676125096845,0.8987094282236333,1.3034403661882263,1.922305872320785,8.704433524870566,248.97917910739332
2,0.6996559823665527,100.0,1.134541510807172,0.0452145208034414,0.9115705500178476,1.2769428353686605,1.1274259746377737,7.901942387697079,313.6922252923249
3,0.7166287197553831,99.63346881680076,1.04925167292539,0.0511296645381881,0.999999999999998,1.5623748920067564,1.0748602782305883,8.177007891610387,386.48759216110443
4,0.7171627477867026,99.99999999999908,1.0222514502411804,0.1318089377487555,0.6623283898556752,0.8906924452177688,0.9798039969007283,5.411706431190125,418.01235818567915
5,0.7061172696532456,100.0,1.04759338791027,0.048828649217795,1.0,1.3996879377481886,0.9924001920213656,9.040916490408401,378.5462089708946
6,0.7013770778723044,100.0,1.0248599995849876,0.0344784001421693,0.9920826238258522,1.3795121982270246,1.5544066810551138,9.103719256436841,288.2124235829156
7,0.6802636968153682,98.76099878973947,1.1477643714503551,0.0710619216304134,0.9999999999999926,1.8238178767791429,1.5623303312948424,8.530774381501569,369.120619910926
8,0.7863317389233548,99.99999999999908,0.8857173972098216,0.1470998962774721,0.6601049124953282,1.0634091972671418,1.1668562912075902,6.074431920620658,300.14790784790944
9,0.7280389919421171,100.0,0.9962978912918145,0.0416283964094493,0.999999999976226,1.1535399461145188,0.7662327616778225,10.219070433142317,433.709343608782
10,0.6616441457610373,96.23475725700328,1.361251554163365,0.0847995351078953,0.6228444065629647,0.3420510984661379,1.5524014719022898,6.542696378142318,521.2529595773126
11,0.7005517591456456,100.0,1.1339951571397615,0.0417131773641726,1.0,1.439265703756034,1.276523546601239,8.479594763562174,238.40138732706737
12,0.704571923774756,100.0,1.066990484108319,0.1361261296778027,0.6638910746740488,0.8783323448798975,1.10433651820962,5.971918293066228,358.574908930999
13,0.7337287142297981,99.99999999999991,0.9922416328024216,0.1298213129058684,0.6324701163851376,0.833958276223894,2.2258524074918737,7.129342785086485,380.4343050527103
14,0.7081368428219211,97.86756722478628,1.1265157896338065,0.0436668664060682,1.0,1.443558941902674,1.1093332354589212,7.9741212180191905,566.1890409728393
15,0.7937637624637907,100.0,0.8554518910259764,0.0535218002156322,0.882757278139107,1.3153628645581408,1.3340916973139976,7.910262853554688,368.49550736880377
16,0.7189472127146808,100.0,1.0439639479123135,0.0406041264859714,0.9999999999999998,1.385438855173729,1.3940767142174184,9.140249610846878,304.5660465741363
17,0.766315047377618,100.0,0.9284774289977882,0.0280122701928724,0.9999999999999598,1.309598983008657,1.9851596292730682,8.906030719283072,396.35454336623604
18,0.6931960378139007,99.0907215780588,1.127256169168889,0.0691276363293135,0.9999999999999856,1.78092493771416,1.21495432292438,7.589518183443597,266.1977324935009
19,0.7760312788195014,100.0,0.8742337403607057,0.0995356280632581,0.6598072434633832,0.9269762471175989,2.5404566222491463,7.709882990847997,335.8411271708478
20,0.6916392393456199,100.0,1.107036156235438,0.1365731722707022,0.6530697998450513,1.0590262388777352,1.3088765705189145,5.611578756248769,391.4351135512858
21,0.6992526741345485,99.1026856844008,1.092385184013258,0.1248176305240081,0.6323478034698145,0.599033066052756,1.1855785467474929,5.872591765727531,576.930227319468
22,0.6587879880292731,98.87661998842292,1.2570364812037678,0.0585789207032344,0.8604509371869099,1.4397139644675851,2.2741765727000893,8.31645581482258,266.44693873691887
23,0.7091552754200195,100.0,1.0789937003699168,0.0593854052816343,0.987488762302236,1.6814150468300106,1.1658327652433618,8.67560934443937,476.46082865005354
24,0.6637995851575941,100.0,1.1977643652979255,0.0455520987371262,1.0,1.522229720940826,1.33731427648608,9.20638639395231,225.26300783733217
25,0.6575640049961121,100.0,1.28874601588171,0.0314177595230238,0.9999999999999992,1.0460385962261685,0.7944522443693669,9.1553721019853,379.6431095610411
26,0.7265985868410695,97.3832801165599,1.069226989798771,0.0834409131822209,0.7351610150586221,1.04722261179438,3.121457780334416,8.27814853769184,175.7272961623114
27,0.7328452677634901,100.0,0.998264121124414,0.178836944158741,0.6345513465199935,1.1031708144023409,0.9976907962327294,4.43298540231949,254.422167798468
28,0.6902061334840182,99.44828716711427,1.1491360858141255,0.0475043817931019,0.999999999999774,1.6282416324244726,1.5670100975396923,8.06177437236782,526.3078949397311
29,0.7047612819364415,100.0,1.0900326975869437,0.0414722533353689,0.9438505592081796,1.3132676667857492,2.706656744974529,9.278157461235196,261.219252808577
30,0.6671615570362154,99.05924028216614,1.251540878721032,0.0443793100179053,1.0,1.4268815813438087,1.3183323399769196,9.164358383518934,238.44967109702856
31,0.7484526552232343,99.94667396393176,0.9444935956260192,0.1150575152954993,0.7136546716516269,1.2539607523891567,1.516834851261269,6.096977151255349,306.122755694831
32,0.6990282995224818,99.20777956330208,1.131275657253366,0.0666087441891888,0.8194460238811591,1.3395588973577122,2.30708871545518,8.073819643844985,196.4797492477903
33,0.798716698518331,99.99999999999146,0.8539598093529226,0.1466619143978478,0.6703862592944274,1.335436159787572,7.198871820569429,8.808280937221069,395.4832279058726
34,0.6768188893698855,98.6921084866811,1.172844339790656,0.0938468415181042,0.8946114121125309,1.7983426398069065,1.3160750478520882,7.9032281131000985,455.20250776804556
35,0.7229919173784246,99.94854940543202,1.0143212172893266,0.0904796816682518,0.6679057375201836,0.7766961541192586,1.2346110934414574,5.388847593971546,383.82944423445235
36,0.7106656997603571,99.31244297551392,1.0544464078410625,0.0502996185186131,0.8823005111361599,1.0301332694640877,0.7624300920091097,6.398781459365604,559.3006730776686
37,0.7038429957176794,97.68797763047898,1.1323454013087786,0.1501994847771099,0.6914147266075127,1.4726838715413104,1.2764401356271058,5.096379763566535,322.87296687322424
38,0.6822203043621251,99.19641518755807,1.17024371207823,0.0261321011418299,0.9999999999999182,1.1765303896179733,1.1669807151876912,9.136760249821512,323.7502907388093
39,0.7065131066430729,97.52560523690774,1.1583080357120512,0.0570771324250791,0.8674109117742728,1.3677069882048312,1.6923283574432453,7.342922784655363,189.8884131292308
40,0.6801441808495197,96.27375475386756,1.265187469549227,0.0821192812142598,0.6732106440922649,0.6152244563756638,1.7448451230793,6.729797593359207,505.2545281525767
41,0.710652867532654,100.0,1.0717038754203598,0.0305995593787347,0.947165133311639,1.142875532302419,1.1720495588412123,8.253502935527457,341.0438972995207
42,0.749440817877252,98.43192655880893,0.9640689567490076,0.0505421208378456,1.0,1.425283767065624,0.9638059277354437,9.648515881413903,358.9133390711436
43,0.7835633866087316,100.0,0.8803017683997263,0.0742787520901546,0.8555948348178228,1.5062887377780434,1.1543115731317246,6.932949620740193,509.81501432547054
44,0.6626717199321923,100.0,1.2388124288230569,0.0466927964566983,0.9819826814279252,1.283735050398977,0.9390182690568065,8.363563645750975,220.1108486835971
45,0.687690202133144,99.99999999999952,1.1238035995008129,0.0420372472955826,0.9332854863389496,1.1663057876531011,1.1723255280820957,8.411331191842816,369.2109675279274
46,0.7342587062814576,98.70494769154271,1.0278558156206448,0.1299485916929111,0.6632623676681537,1.0732814765202912,2.0153323825761307,6.691285253280203,256.19290363310853
47,0.6871994053962623,100.0,1.0978821449996816,0.0614874727852526,0.9172883300252632,1.3397999664091036,0.843387906561735,8.049345223975243,535.2745190296278
48,0.7482118644767888,100.0,0.9714193590469564,0.0513859486069637,0.9999999999999868,1.5695658343270675,1.0029877947671213,8.204271976423552,321.3447358212971
49,0.6716581529820541,99.99999999999991,1.1992272390439311,0.071621610849111,0.933082539485236,1.827600356615085,1.4214397592809789,7.913105814368689,484.03212277606593
50,0.7324104416258727,99.974795166151,0.9870882240965582,0.0412135159961105,1.0,1.3596950342778429,1.0009445516104805,8.552880794600147,271.12225151214017
51,0.7330455243533469,100.0,1.0032087800886218,0.0481669723600847,1.0,1.4316653668982668,1.120412758506772,8.886313807601866,320.596905703377
52,0.7244973204896074,98.2915037277176,1.0676489490602474,0.0330761862495159,0.9999999999999954,1.414386102157619,7.805621466694344,9.89922899191878,280.264710354817
53,0.7028408928714072,100.0,1.1120307426625835,0.0451752861313753,0.8117594106931456,0.9234129103797436,1.407456524793757,7.295322205061879,331.184494395777
54,0.7242223591872394,99.13599110013016,1.0376347623659947,0.0684555379965452,0.7772685885610131,1.031764411338748,1.198699552414795,6.566413187896596,340.7318529932574
55,0.7197206466560242,100.0,1.0344218720984069,0.0443277849445165,1.0,1.4362216287142362,1.960820965012832,9.362184576571252,327.4677493870856
56,0.7614215755635287,100.0,0.91800061027206,0.0643084638733472,0.8678460062657425,1.372907794575872,1.3798790327524186,7.02257907467593,307.2392229702942
57,0.695611280206158,99.6681967732411,1.131089148477241,0.1797681943947026,0.5955965466682751,0.894235465697459,1.469151935154542,5.100922106868376,293.52456485501114
58,0.7036890862118516,99.99999999999692,1.0559484434673752,0.1173669359383435,0.6711393764666059,0.8975352190594993,1.7698919916000355,7.270876372625707,323.12731764565353
59,0.7405119613888581,100.0,0.9871690022540768,0.0586313807821085,1.0,1.6397522716349686,1.1787601677815818,9.16769676675905,235.37488066939662
60,0.7403953361838438,100.0,0.9722319377062272,0.1064897091359373,0.7008179484890643,1.1344105994745466,1.8509073891001273,6.854755477251109,228.992900078077
61,0.6876567307158815,100.0,1.143971372971032,0.0464314028008021,1.0,1.4429003667650993,1.1289777440632727,8.447893775361734,333.62217628536183
62,0.7282475033078248,99.67901433110612,1.0384937025673928,0.0554043506446092,0.8303027355504871,0.9832448683977736,1.3318199393652377,7.813899392522747,519.5079727418707
63,0.7310588412035892,100.0,0.9952635513316804,0.0460332655189614,0.999999999999194,1.538402479370078,1.4263883821268961,8.275579400946402,236.66908528134937
64,0.7208239413276288,99.99999999999964,1.0190719063134357,0.05679736661091,0.9999999999999994,1.669716153588314,1.505849124813123,8.983906889535636,456.6890200087587
65,0.7775827063358086,100.0,0.8788798502873352,0.0339407083286443,0.9999999999999992,1.2708511739660835,1.324087753715296,9.037555481196414,347.6761717146373
66,0.74600801174556,100.0,0.9445797630736532,0.054435551062501,0.9999999999999736,1.6808134086573725,1.3227725694418488,8.827997391776467,343.9548427399299
67,0.6668788905363421,98.01530706905352,1.3059435415024858,0.0480245028788129,1.0,1.5390178654948683,1.882862788595974,9.278620000002343,381.2068658135934
68,0.7210760260295654,99.1910828228807,1.0489942872424824,0.0447743277450007,1.0,1.4496656661798983,1.1192723639168753,7.7748531332944895,383.64082370541166
69,0.7533089813249373,100.0,0.9431932470133636,0.0740557989129455,0.7594989631940273,1.0051905314322112,1.2600300665392286,6.3159096155907015,268.60602728238996
70,0.731970778742425,98.01623858555728,1.0287285783046267,0.0425603686620231,1.0,1.4203580724678893,1.1531914541218302,9.076425059030433,329.13564379007386
71,0.700334026714078,99.50023629814012,1.1362047502694474,0.0615908510969148,0.9159113144974288,1.5645099403353464,1.5081001691885851,7.872751286932054,278.06276947519285
72,0.7265574282643956,100.0,1.0130348724856733,0.0679479324737033,0.980433108129102,1.7702025186263868,0.9428658356824355,7.4855697184093675,386.96270709563834
73,0.7536834093887717,99.31471692083583,0.9776208697506068,0.040421303967504,1.0,1.4781334477172676,1.5388726453413375,8.520972837836664,283.05810518701435
74,0.6671621423083098,97.15252542769402,1.2969316548914769,0.0272231830264749,1.0,1.2818943113493195,1.3593349375553831,8.677245625920174,288.31079211613724
75,0.7773658928550017,99.99999999999956,0.8806834576817567,0.0845240561630566,0.8940320668561034,1.6801984127458796,1.1109212826488228,7.2887938074740575,465.7894873407756
76,0.7744550647287386,99.02932767737624,0.9215458473270034,0.0445763825975898,0.9072764902329308,1.2086886689138097,1.4407263736834677,7.963314112373557,470.0845663367159
77,0.6921834249496717,97.95176665414904,1.1559650136022974,0.0454347058441285,1.0,1.3240371695020952,0.8845062473493766,8.780019387872185,277.16797691965826
78,0.6867438419558934,99.00085763904376,1.1519187735859162,0.1321947890249847,0.6724027279838705,1.0776546871172792,1.221493275956548,5.360091528080218,267.07400904171493
79,0.7039360885424522,100.0,1.0809921716230515,0.0588236438755429,0.8822564164618639,1.2781164111967147,1.2296242162574902,7.8595323378583,282.4750462982995
80,0.710445559659964,100.0,1.0758682537721371,0.065670204007102,0.7543569656734627,0.9024836217788894,1.27258174836637,6.521307839033841,263.78045057103924
81,0.7214478340764194,98.7670482450036,1.0377509466271106,0.0342442739417392,1.0,1.2280228744983512,1.1419887942330311,9.163978393622399,356.43170979798316
82,0.6743039500254253,99.99999999999996,1.2198514049653508,0.0630848687339972,0.9346286178468796,1.512553873807532,1.3407672482350579,8.091507981055065,482.7186166651398
83,0.7923192612339068,99.42576201611728,0.8822440600779053,0.0705113602165231,1.0,1.956775167197668,8.490464967073018,9.545252797232871,650.1830268077118
84,0.686372507068817,98.61216499002056,1.1767420277344087,0.0561527206608648,0.8950742457729424,1.2301539561454269,1.1316187150861834,7.353527674668103,393.1711711387866
85,0.714435281643905,98.52827938181385,1.0700282511924633,0.0353365007272916,1.0,1.290908810526061,1.2971442594229337,8.445180318702729,344.07344908302366
86,0.717240532206452,100.0,1.040497808329491,0.0985609582533081,0.7803992973145117,1.3686656143303744,1.111259319354898,6.7216433507303535,407.5142855262343
87,0.7533561018160488,100.0,0.9196955656920855,0.1342373722636611,0.6727272495887046,1.0233701336003176,1.0593771311011488,5.58142079939774,537.5595837418186
88,0.6615685083605495,99.8814180862388,1.2624898691471729,0.0445111977205763,1.0,1.4246858782235516,0.9755778460009159,8.365575750468784,285.54601409420627
89,0.7179428511635629,99.41782389111002,1.0455012128269012,0.0657038607702791,0.7934597928888868,0.9904893094704118,1.0109458007404994,7.130986129209278,474.7002393730293
90,0.6798513767293888,99.64587244793368,1.1675222550688722,0.1570745550415309,0.6660664862624688,1.5302005801718706,7.92981574697205,8.963641330129398,314.2110281616188
91,0.7814850555326036,99.99999999999991,0.8772871696452922,0.0498402155594254,0.999999999999874,1.48568975249872,1.3949977590544984,9.468769889576903,359.2487526432457
92,0.7534654096199623,100.0,0.9629371584919784,0.1005533438341135,0.7275579102502625,1.1654630020930985,1.520100315670995,6.429047962114481,400.62684084830914
93,0.7772883275045293,99.11676741248888,0.8995623783777067,0.0771013863071677,0.8454240514719853,1.4760722337374412,1.4106722607419386,7.105006775325955,308.95214626563325
94,0.6668229980869751,98.08023262029327,1.2687672144653268,0.1267293879669671,0.6497965502583573,0.7343498082620658,1.0573882655053306,5.523704880401557,321.98507128146025
95,0.6365374909527549,98.20365656153776,1.4507317664339558,0.1352308799359544,0.6636695841908421,1.0771571272278762,1.0723691205276933,4.6527577951084895,432.4981659209853
96,0.8383141802977748,100.0,0.787291491935166,0.0781984801037044,0.7212159508563268,0.8672969865870309,1.5498076652489408,6.7151239483336065,350.65721094583523
97,0.6778558390952604,100.0,1.1951456333487973,0.0900298000160325,0.837501716319779,1.652893615202347,1.2801581079612567,7.123897573279938,573.2162643303692
98,0.7346094355459466,98.87348686705369,0.9912437478748056,0.112160582756509,0.6428398626468138,0.4992432091777466,0.9242295983844105,4.963766314807531,490.1408361152688
99,0.6484374563014564,100.0,1.2874963128094754,0.081922403669496,0.9248745963551226,1.7745339068312975,1.0631244018245047,7.14699846265576,538.1237026008853
100,0.6756383851044384,100.0,1.187004626313741,0.0697393006131558,0.9999999999999942,1.6373528789870138,1.0825100373281897,8.888063141094191,301.3449824601675
101,0.6837717870158507,97.04282299911648,1.220930024289759,0.1448018326024531,0.7225268713973206,1.790867993659042,1.3710897340761743,5.115157510993033,393.48613045070783
102,0.7273607787065576,99.53504303075246,1.006787145381745,0.045023611054826,1.0,1.607394829421766,6.005994053997153,9.871599863405818,343.57380176394406
103,0.6708995666303615,97.21176886484368,1.2892367626151362,0.1169311165746054,0.6360535057125895,0.6817124848413155,1.3508597164817857,5.964269735829464,518.7856109899537
104,0.6758424744902817,100.0,1.16140081888771,0.0470164557777915,0.9999999999999958,1.496549553901614,8.605894453373983,9.699335115129706,303.215360618682
105,0.6753003897574524,99.99999999999996,1.158887366767158,0.1348097546014241,0.6895533435492444,1.3034730136368429,1.121500146743458,5.3784622981856645,290.6384038269232
106,0.7186080316669349,100.0,1.0443027918077432,0.0579610861555123,0.8588747933254695,1.1835133439018204,1.2107155104321892,7.49059466518875,228.12017079047413
107,0.6937653897142988,100.0,1.1411401886454409,0.0495841974782616,0.9999999999999996,1.5219282695669991,1.0512093102179767,7.9017762242774925,408.64366166615235
108,0.6579583115715335,97.03411486908158,1.359727541993614,0.0746241526849189,1.0,1.7686121900065213,0.9076063553648134,7.9400487683924945,482.26525141666923
109,0.7089011917624346,100.0,1.074863199572842,0.0559667817960792,1.0,1.7209851534064706,7.167609271234597,9.60581572641414,414.621633877857
110,0.7394820184910466,99.61113640332482,1.0091082695752482,0.1257429171647944,0.6472721581279736,0.8963203725462976,1.797403681243845,6.775415517870211,229.6607402593351
111,0.7076229497014085,99.83301417241287,1.0702749943088958,0.0613567919015483,0.8529525980082,1.2744671376267862,1.060220811323726,6.978419365489164,272.26202133256027
112,0.7347217070620299,97.51365703900927,1.05456565582678,0.0696257633384194,0.9999999999981554,1.8614786009467812,1.277202861009883,8.343313951123509,285.83126489446244
113,0.676205527938752,98.07293895724123,1.2105129791685432,0.1630102635865796,0.6797678786509096,1.3672485437794133,1.33940954628644,6.2940482933021755,347.7304520149216
114,0.7343935534052608,100.0,1.012441751386056,0.0690097540605214,0.8335771002084214,1.2393328935800323,1.0443931173023215,6.424411598070724,264.55708714960815
115,0.7090158453473013,99.59257060583222,1.1004901827244882,0.1520722859505711,0.660213835553986,1.139284120525918,1.216285281264107,5.63362016265235,465.1209782961298
116,0.7612098583584385,100.0,0.9263471480745346,0.1253807001590726,0.6652199521237402,1.000312539062759,1.4765215951569666,6.510873407894099,380.1778419303543
117,0.7152411481713528,98.68551504493168,1.0673249853823583,0.0815472545687735,0.7215348777775302,0.9786372023786736,1.396253467824878,6.540687511728955,323.29837434171503
118,0.773737702535623,100.0,0.9106080598026058,0.0578264566691661,0.8965025087260878,1.2624866432156292,0.8974446511588371,7.095896056357718,249.66528284483718
119,0.751151737034956,100.0,0.932556617852762,0.064731336229586,1.0,1.7869332265017923,1.5358126718983713,8.786771181045617,427.34237799119603
120,0.7774423035620704,100.0,0.919872084585244,0.0569632241023161,0.9170623592141334,1.543224945655184,1.6929852575006643,8.116151310907266,373.08340922225557
121,0.715173789062366,100.0,1.019283523590505,0.0352109914347242,1.0,1.2610724669733089,1.207075713281229,9.452705604965962,404.1036623051273
122,0.6918704286596015,96.87634621631663,1.25320168446042,0.0327744107640911,0.9588693102065554,1.2329878307664244,1.2958219193581455,8.090703563850488,283.58066612986966
123,0.7082354491207349,98.053178614988,1.0557650949122086,0.044687064983851,1.0,1.5069103448616612,1.7851581967760506,9.24872707212241,410.31569789425447
124,0.7770177117916774,100.0,0.8911454301222157,0.0350995824023594,1.0,1.3040454514052315,1.311072915822452,9.161325372594614,301.17450907003854
125,0.6876602744979463,100.0,1.1742838625423613,0.1421553751945518,0.6892646945097918,1.3475125745651058,2.08383901904976,7.457292825867649,385.414856610663
126,0.7071743461489861,99.99999999999925,1.0624880033714428,0.0651185632938214,0.7869015644877543,1.14259443696921,1.4245582533560235,6.625345495036719,253.8405288636641
127,0.7068011580653739,99.99999999999687,1.08040768792026,0.0490860089215717,1.0,1.5895417143893766,8.154000573959927,9.855318344123395,264.5166492645682
128,0.718175136688914,99.0962148880554,1.045186605467238,0.0425897179982736,1.0,1.310474585448064,1.157450641801995,9.33417573445075,288.96926939812545
129,0.8142804078676916,99.0334087830506,0.8157055113160944,0.0496930351207659,0.9720926299145946,1.5182127170565072,8.247164252163781,9.715688053384417,196.39892067870704
130,0.7040211151107404,97.90911446724937,1.113684509279191,0.0387389451905795,1.0,1.2561243935749176,0.8886065130220543,8.607272269212189,456.72768651495863
131,0.72230400200781,100.0,1.028826522491872,0.0584295071583714,0.9036200892536695,1.332828230518722,1.2030858695178912,8.215046243730576,472.9459781882045
132,0.7361677276133354,100.0,0.980598659625503,0.0458825096626233,0.99999999999977,1.5821406888042986,2.0386076172285796,9.515074022735424,307.9969327436641
133,0.6646321141978516,100.0,1.2509564949222194,0.067641750509162,0.9999999999999658,1.7454180318646475,1.1432780133912706,8.707516377734956,382.68184313057856
134,0.7177743539094216,99.57096103806109,1.0153948221141278,0.0673667398005022,0.9017342640712636,1.4348467127355684,1.4483500031352758,8.318658944676157,214.59769514896152
135,0.6846310744980902,98.22796091472225,1.197568361970488,0.0407429913786195,0.9531013420973444,1.352719616308777,0.9722192836256959,7.023915723270469,398.9235111705355
136,0.8084307893520657,100.0,0.8204423226383035,0.04887765189211,0.9999999999998188,1.634065680257894,1.9978116793129228,8.66121759100839,464.37391642290646
137,0.7140113324134586,100.0,1.0527247592314677,0.0489100463572657,0.8289023797298333,0.9868035813006298,1.1368116728307156,7.368911852765969,386.8816662952056
138,0.697201974375842,99.99999999999356,1.0980590482881385,0.0605581036026863,1.0,1.4713254867063823,0.877580430861093,8.68571966293764,223.73748208533038
139,0.7267151828195489,100.0,0.998779983779075,0.0421421390320611,1.0,1.3614548861548916,1.0496211025266973,9.587848259659712,371.03360760692
140,0.6838902536152445,97.70845027290686,1.2219877865943662,0.0491605017948901,0.8266370081643516,0.9325814343067677,1.0995460517311346,7.468121772531553,473.2631212720682
141,0.7186977834730447,100.0,1.0426737462492313,0.047633548528231,0.9585004102875686,1.3052904158621297,0.9250586667328655,8.834052052166454,294.57234026333236
142,0.7507742417811919,100.0,0.9445882005743192,0.063154270702229,0.8935292787866546,1.40109241922325,1.3414727275558571,8.416457792422863,280.78317802672774
143,0.6735793509574598,99.18799640823298,1.244235750895992,0.0392619706850203,0.999999999999998,1.4549472573186313,1.2215584859294095,9.050267234241106,350.49341226706935
144,0.6465651015377947,99.46116949555272,1.3350902917495655,0.1115259792128011,0.7822934900514982,1.4793217683509838,0.9463174790581154,6.121772289604377,285.70634161089333
145,0.6644155020795628,95.99218711722315,1.2757321759395412,0.0421977984326997,1.0,1.441832869275527,1.6033094510318497,9.838711110119263,264.09039055132206
146,0.701405758639725,100.0,1.0917601197666738,0.1289071987883513,0.6995049361511142,1.225648139692817,1.1593646749840225,5.30256867964126,463.40572238719795
147,0.6455154711160329,96.37615993887358,1.480531454441152,0.0524727637578713,0.9144873806662366,1.2831449328624285,1.0749557919353614,8.824023698176527,408.467236520201
148,0.7488063183015023,100.0,0.94336884917025,0.0630363584683561,0.9170895078496066,1.6131314351487125,1.8916820322875445,8.457154888170463,463.53692708354146
149,0.7298777781672106,100.0,1.0321399651242351,0.0305385658351228,1.0,1.1676126289971385,1.0448546824972051,9.499592921526391,485.264880340619
150,0.744007585778088,100.0,0.959708235707245,0.1407815683026605,0.6612628577964644,0.946473512518658,1.1310373904748163,5.2243515202438315,565.5473115172153
151,0.7158237613624578,98.45196982067264,1.0976556719208337,0.125516427915428,0.6572805056652071,0.7523996117657227,0.8908790116804803,4.754388183634119,245.89479586840213
152,0.6704121991630735,96.99596734927503,1.304361467158365,0.1216947795571981,0.6449762729429338,0.7352569299470952,1.5089052741068136,6.2840806782774665,388.5302287611639
153,0.6561944526531545,99.05077367952713,1.29743820367804,0.0478894789194566,0.9973852855669187,1.3781410210394285,1.1522956657312862,9.749332387720163,302.6553290834284
154,0.7519342453277987,98.60764845166484,0.9665245567177332,0.1298397441005111,0.6757321255910014,1.0566565372435992,1.2038361976800385,5.189486142487228,340.1477594937937
155,0.7743246503856285,100.0,0.924900822951922,0.0614143022177563,0.9005034145145834,1.383399598030143,1.14780007103007,7.453995137545266,433.0054931824708
156,0.7631047418575808,98.61828278349152,0.9512737960212716,0.0371047129691608,1.0,1.50080430873059,1.6990297353738404,8.344365400914485,346.756687979532
157,0.7163461833251743,97.6297282549376,1.1131821808688476,0.0585010036691348,0.9133543835455404,1.4502475001868116,1.1125493201619623,7.6877529063981305,340.5746773321181
158,0.7159004024924845,99.30178462146168,1.0609518632777808,0.0468488794294376,1.0,1.5428337953852262,1.299826151660829,8.888725279084268,203.48114997876584
159,0.7579691577901257,100.0,0.9355549213190648,0.1515355314194947,0.6533767542777744,1.3129514705272092,3.3482930237083597,7.921984282575388,305.6874719671429
160,0.6791907430061324,96.66186225326187,1.298057033398496,0.0547551102732662,1.0,1.6355241994923588,1.1340950548128093,7.554232440683767,282.0229084578894
161,0.778296357503895,100.0,0.8713629484275348,0.0867483048176812,0.7065474452814104,0.8867003839849168,1.2029204769770399,6.534913007251428,346.30683642275875
162,0.6994697330828687,100.0,1.063919204410229,0.041421088755923,1.0,1.3789069726835657,1.416308953566608,9.684890413174934,302.0872000678816
163,0.7168197589019543,99.5462530487224,1.018731041730937,0.0440416547778957,1.0,1.3532896882487857,1.238784549162949,8.922410385267149,347.88103515294057
164,0.8069690804202742,99.99999999999793,0.8334536379320832,0.1339954879103627,0.6895156442970191,1.2504263092854364,0.8902830601771404,3.675173177617008,226.21208314586536
165,0.7975522528073719,100.0,0.8427591525018875,0.049400459488431,0.8059913954392991,1.0291022102408596,3.0274054069499443,8.718031112833538,407.8002590657868
166,0.7375034648733786,99.46527126908175,0.9901631769044068,0.0454663471020057,0.9886100803332094,1.448651910925053,1.250970407288559,8.462382965730237,319.2501588371083
167,0.7786068237346689,100.0,0.869920051843744,0.0304550897846038,0.9999999999999986,1.15831929938959,1.0214700937510677,9.355733662465111,364.97847433258767
168,0.7732735865566313,97.84819245516285,0.9445284970751212,0.1258301587386702,0.6570695486822229,0.8899409652423328,1.2500764941821858,6.107676506302067,295.3858802318815
169,0.6764166299104123,100.0,1.1604968316886806,0.0219701226135761,0.9999999999999964,1.0245145879777142,1.1343789415578038,9.258081868780845,487.01703177577167
170,0.7040193404784159,100.0,1.0921581430183185,0.0389478474100584,0.9999999999999992,1.3094934246599168,1.026367462109789,9.51952497643061,260.693002366153
171,0.7554955304242745,100.0,0.9408991225537708,0.083552469111212,0.7646140784676384,1.1241460518102562,1.0251404936081625,5.5496234999224985,408.34908374754724
172,0.6924464946186482,97.55139424602974,1.1809481140188394,0.0424171401605894,0.8642431822030686,1.021798291880479,1.2745248497197237,7.042696068523364,301.9740121268203
173,0.7575175147094261,100.0,0.916537927064378,0.0966407573691002,0.7580906839879519,1.2452987589558364,1.3430736488708523,6.631404956336143,258.3288114696225
174,0.6949720464713837,98.36544497201766,1.1532975737906053,0.0421251460161843,1.0,1.1844479415997635,0.9586994323134703,9.587954280219613,392.973919849882
175,0.8008168076133553,99.99999999999994,0.84978433003607,0.0617730249414258,1.0,1.6276016847784975,0.9197983816151343,8.780329052014329,364.79329842216566
176,0.7234886045046485,99.11167124056333,0.9997983500935804,0.0334663243443021,0.9893681758304996,1.2274507297284345,1.0620555661245727,8.225470522774264,429.9204269809738
177,0.7526436275599566,99.31955552899947,0.9890178288794602,0.0339541659063539,0.99999999999993,1.2208696759856528,0.9058968015443759,8.745821685106556,441.41057204129646
178,0.7272597952126487,99.99999999999989,1.0211292707007995,0.0471299030202454,0.9820388966338888,1.354083308600136,0.9326232476651494,8.651067346869459,466.01689705203603
179,0.7369115195492025,100.0,0.9857585290593336,0.0364723977602175,0.9863919039942942,1.401053253357963,2.0778765515867232,8.770453443884646,470.7148739224425
180,0.7061774196426563,100.0,1.0583218674128247,0.0407291548651892,1.0,1.4207758622049895,1.2139166418665455,8.446168762716454,266.99795081597034
181,0.6880215299734511,98.0870059792126,1.2304685510382822,0.0498506587196216,0.9399346593200748,1.5416179263006786,5.973255070954826,9.137597015315878,258.2097408870146
182,0.747766613190768,99.45455000290772,0.956513818070916,0.0523474589473759,0.9999999999999992,1.363510292311499,0.7113756190946137,7.9581812341623515,338.98312870349554
183,0.6721321230827308,98.4282356157544,1.245359442805234,0.0864833373372315,0.7137260881067633,0.9029043145608928,1.1830239466295065,5.420501549172287,229.8904371719334
184,0.7011573745460041,99.82809981023182,1.1319624910766652,0.0422142980670858,1.0,1.4253221687725406,2.002768645069754,9.564448977663282,276.28187455166153
185,0.7324920204451474,100.0,0.9672094010046286,0.0424847027050649,0.9999999999998184,1.5476819849916073,8.647524552844555,9.774471984116019,364.21785523250014
186,0.676209779127967,100.0,1.1634236835515772,0.0570268942620057,1.0,1.475228450642921,0.7850630604489012,9.562461669865758,233.8372078920714
187,0.7597968893162458,100.0,0.9408927822315124,0.0538359767683952,0.9999999999999049,1.5715136643972576,0.952042931264769,7.709956749719437,366.07781969829387
188,0.6784820637561537,99.69548168266924,1.136598454439013,0.0765653065275939,0.999999999999998,1.7880408776033136,1.1796464221183678,9.74084111059179,331.61375792511336
189,0.7064352844474365,99.64000087344262,1.0695374677704828,0.0803810115547163,0.7555703172468408,1.0831409768918852,1.3185387366014185,6.569947419503275,318.7414990955595
190,0.6486650010663765,99.44941520758428,1.3256168215859454,0.0648365754075546,0.7893068075374785,0.8974710057370504,1.2234494481495857,7.408855516547889,331.36477062096816
191,0.6859203003514592,99.71364422040696,1.1723851631039115,0.0475306267350887,0.8471272957119161,0.950839428640921,1.0656734668646473,7.1052817738673335,389.8927894002092
192,0.680112654390607,100.0,1.172517665208485,0.1431816923269135,0.628800300948189,0.883406448884284,1.45835148968415,5.614925276563999,358.35147870146886
193,0.6825813430969971,96.67964821567644,1.2246767538370626,0.0325875207761222,1.0,1.10504558351277,1.0614603658861421,9.31943015657009,399.0200242982139
194,0.669724843740798,97.2122772320714,1.3182313838722062,0.1329658137321774,0.6793618725158372,1.3720365718556735,7.448874242091016,9.04804168888361,421.8054977203208
195,0.6940790591855013,99.9999999999997,1.1243238539133091,0.0517142671869622,0.854506812121468,1.083148992188972,1.1188392176923583,8.275339243461527,305.99066091327575
196,0.7056133891246543,100.0,1.0947951048050049,0.1206122723233451,0.6500107843743803,0.7469136468992547,0.984698260439585,5.061309362223403,548.8427286521061
197,0.7737323787071461,99.99999999998528,0.8722703870614412,0.0606726062839987,1.0,1.9654583930279477,6.343252256729195,9.418798864856619,285.47401001442375
198,0.7377599670801931,100.0,0.9543056831093928,0.0652235955636097,1.0,1.6019702189139975,1.1622313570160963,9.031132271535842,330.7403775673316
199,0.6881637463757744,97.08353769529968,1.218579854014077,0.1099412161030101,0.6438915108794461,0.6810795643550795,1.1887228751456154,5.126952677955696,596.0615898265113
200,0.7245857042111316,99.05775598790026,1.020952152763256,0.0465072686476836,0.925038556599809,1.3435631703990598,1.3723319927650894,8.201888272183012,297.99756844382125
201,0.7079502954661615,99.99999999998872,1.0631879674386406,0.0529094413449448,0.9999999999998886,1.497530955744541,1.0077106114214622,8.30800690900072,345.559759317114
202,0.7421672346068429,100.0,0.9714256478495286,0.1252802572872977,0.6888901964280546,1.3069386023627323,7.473911083502526,8.930785693314991,311.17052094426526
203,0.6642851438811912,100.0,1.2443576772954972,0.0482942552456547,0.9107027626289708,1.3798842029613858,1.2464519370766052,7.493593401702592,374.013373069353
204,0.7410721209493836,100.0,0.995310527346972,0.127315751000464,0.6746106089065651,1.154426685473347,1.28322899240503,5.276681010638237,264.0402411212572
205,0.7326848880695037,98.90076697696948,1.020752702796011,0.100517790030862,0.7595767279184078,1.2647657179232783,1.1017666021966417,6.324014315677582,304.6060361146167
206,0.7954507716067233,100.0,0.8652799181764815,0.0304663221549014,1.0,1.0605142695526777,0.925691467541589,9.74009675591944,543.5859085430893
207,0.7070795276947132,99.99999999999964,1.0233175511988946,0.0564287820787675,1.0,1.4887486252893347,1.059556604169087,9.32313198440363,423.6551340757934
208,0.6580831750563385,99.99999999999972,1.2969496728117984,0.0702956349346499,0.8100160019547619,1.3019687729365768,1.3948573473357488,7.295095534885438,246.2274637528575
209,0.6834019249243597,100.0,1.2080272766556763,0.0595413963425281,1.0,1.5403221802631069,0.9649539397764589,7.984813692139536,368.3541336483383
210,0.7620365388365913,98.91164140439822,0.9503897981576528,0.0562042586179088,0.7857020414224556,0.9842061892730618,1.8134712119553527,7.34409393418102,329.42294698545214
211,0.7020351676984611,98.74899806610895,1.145799840576254,0.0560113731557079,0.8802032548039349,1.1658302753511085,1.057289402896125,7.914854607488845,393.75069388329234
212,0.7423950364393387,100.0,0.99658836447268,0.0663107230298755,0.9999999999995732,1.681682938627585,1.0150584459391376,8.856513312190245,439.9304448471025
213,0.6887847775761139,100.0,1.1352772057348457,0.0758823722047014,0.831636049076534,1.3632085231080249,1.376392498345048,7.2793707984852665,334.9243739081761
214,0.6917624514893881,99.25797465636528,1.173459050770644,0.1375744622894749,0.6608525674847605,1.0504082077037535,1.1561150531629203,5.514493832430014,286.4482154504066
215,0.7663257550195497,99.99998897015476,0.8781646698489586,0.0514341649339531,1.0,1.487299191671686,1.1596036299936818,8.379566722281307,296.7538884230933
216,0.6707868849849052,94.95025259018568,1.415541770338108,0.0342902199510222,1.0,1.289074000228233,1.1915226729384738,8.704704836613685,327.9074519995751
217,0.6695408889262637,97.4674165795985,1.274359621226946,0.0942783482434215,0.6832933848809408,0.7616248192158912,1.0469084979679057,5.940049763106538,345.0903399357477
218,0.7309395773568136,100.0,0.9773487604901816,0.0997683819029104,0.7717097566070871,1.3770257957444307,1.2097799723874887,6.371376875064756,452.87726797817146
219,0.7257379579713736,97.75759980714422,1.0625318561843855,0.1661984563035571,0.7170875757360881,1.8904082618018136,1.2164254029359618,5.747708259559588,740.5182253538678
220,0.7543136143711436,100.0,0.9133808841022883,0.0416088793908936,0.9198554619244672,1.107875906907691,1.1253611406367636,8.21445916267635,213.80912425562997
221,0.7455520473286461,100.0,0.9344653899923772,0.1295473933618215,0.6945864858906975,1.4451376246865282,5.964434141390238,8.741178116860862,282.6831739963838
222,0.7444901289879322,99.99999999999908,0.9703457744187866,0.0560217201330154,0.7967064527985698,0.9089483878994744,1.025059950174599,7.507887327451465,268.50860556492137
223,0.6749492178759645,100.0,1.213008044970887,0.0326947952162801,0.999999999999636,1.3270487792826264,2.6788541969741644,9.571083993065779,277.8355992684914
224,0.6794897421013474,98.71529122284582,1.2663459991291215,0.1390324907904017,0.6592859947977877,1.007149618686688,1.1926081348939856,5.51020111667493,427.95365069095396
225,0.7148950807279062,97.0618056643002,1.0688718186824622,0.0596675022186296,0.861306142700627,1.3028453616078872,1.4349609804718164,7.143362006783122,193.012032937139
226,0.7390456522039163,99.99999999999996,1.0181085959877374,0.0508755039432883,0.9094625730193424,1.1917010344390797,1.143673600582148,7.783313346521085,206.58687258051955
227,0.7011691387266029,100.0,1.118829650916173,0.057014258712747,0.9999999999997664,1.5595629304271084,0.9463612843888282,7.084669530416539,258.3355218665638
228,0.725299719295647,99.41025007622562,1.0187010549140032,0.1606969992404528,0.6944206092565092,1.5990195751035226,1.1510522809955706,4.754239872972534,560.3558466373203
229,0.7563343279551064,100.0,0.9298174622811436,0.0491781782183436,0.7109943469332383,0.5948593520806139,1.7767398320145307,7.367054478447748,574.7945739665524
230,0.7325167291875043,99.99999999999666,0.9866811866755282,0.0505313182323445,1.0,1.44174625351985,0.9997693659111183,8.32701555767432,502.77602492739595
231,0.7351189686824371,100.0,1.0155283665807808,0.1203897776016484,0.6259830971216191,0.66128695460375,1.4804384886854105,6.170743459124203,705.8867359438914
232,0.7262565748442816,100.0,1.0120454656635036,0.1393372002071042,0.6158913725526773,0.8863824123116425,1.728176926462914,6.03215914749503,318.25366607225044
233,0.6997558548079161,99.204023277176,1.0942942589231297,0.055302109311854,0.9446319069105574,1.4477606932833789,1.1616170885013521,8.261312508208162,334.1718299507518
234,0.7628694299284762,99.65896293183326,0.920128186707815,0.0421660544331242,1.0,1.4790314388936807,1.4309781153684211,9.34075462624993,270.75248998890964
235,0.7165267016264862,98.63879813742244,1.0590623653666749,0.0754464515032596,0.8770662883422377,1.452680590086411,1.0314929913411286,7.121313936341524,362.4760033802179
236,0.7217191737079444,100.0,1.076865441892866,0.092538555893593,0.8135277501755632,1.2584553755456296,1.2876495814062958,7.491419258028061,329.6374092199744
237,0.7279147725577878,100.0,1.062322205500833,0.0930928728451742,0.6110048095302643,0.376828220958036,1.5662892039880318,6.661962487424255,596.2193376870437
238,0.6383828849389647,97.56951961161074,1.3948347936092835,0.1111182144995298,0.6465550412099352,0.7130448486754617,1.7503787733652232,6.618864962683297,391.04041971117977
239,0.6915002025606473,97.97810739551234,1.2019358153837112,0.0491746525431493,0.9999999999981836,1.5395253080982936,7.037035247483217,9.474151516913015,315.2411845163767
240,0.7309973189480428,99.26253968332657,0.997920659140302,0.0389111201374843,0.9999999999999972,1.419292950290673,1.4714820471582988,9.156565027157372,517.1539138984932
241,0.6690376613676122,100.0,1.240967703092811,0.0681439350841649,0.9050340134519544,1.395903851755743,0.9244970578728982,7.403911615945385,252.3639109821877
242,0.7092483488233091,98.78896115657656,1.0818379115605743,0.0309661368981113,1.0,1.1326730323742067,1.080493478571519,9.417302303219806,300.25089795896173
243,0.6856515861173229,100.0,1.1683598352266586,0.0573079778227785,0.9165456114136762,1.3701420923857457,1.1436368092427325,7.646687783329192,347.0202276283351
244,0.6896497309766336,99.99437367901606,1.126733917766263,0.0535796824952346,1.0,1.7062596762858648,2.157658391650416,9.17950983836706,351.2745850300289
245,0.722449964845608,100.0,1.012491086068298,0.0547441340731495,0.999999999999998,1.625403325747105,1.781345494419764,9.41322856321659,533.201744694558
246,0.7218672279518316,99.38163610664476,1.050963852717925,0.0651281264229034,0.8333715419006675,1.209504323388493,1.0899793020808257,6.761352293759735,458.25162589306626
247,0.6996399479968505,100.0,1.1118152410414022,0.0675898298277471,0.9999999999999988,1.7445325226410866,0.9711507306657247,8.144640674149738,419.8503048463483
248,0.728451642744388,100.0,1.0010903395013109,0.1012457866250258,0.6694938667605083,0.7845121695879158,1.1983011909925536,5.086787245026433,576.5069349368395
249,0.7317815963790059,100.0,1.0162933667148606,0.0316218639629245,1.0,1.3750690240071348,2.966878304410575,9.315564838104832,400.5014302242022
