,Confluence,Date,DrugConcentration,InitialCellNumber,ReplicateId,SeedingDensity,Time,WellId,CollectionFrequency,TimeInDays,CellLine
0,3.4409185,5/13/2019 6:15:00 PM,0,5000,1,lowDensity,0.0,A2,3,0,OVCAR3
1,3.4998405,5/13/2019 6:15:00 PM,1,5000,1,lowDensity,0.0,A3,3,0,OVCAR3
2,3.3931175,5/13/2019 6:15:00 PM,10,5000,1,lowDensity,0.0,A4,3,0,OVCAR3
3,3.4324935,5/13/2019 6:15:00 PM,25,5000,1,lowDensity,0.0,A5,3,0,OVCAR3
4,3.669387,5/13/2019 6:15:00 PM,50,5000,1,lowDensity,0.0,A6,3,0,OVCAR3
5,3.660442,5/13/2019 6:15:00 PM,100,5000,1,lowDensity,0.0,A7,3,0,OVCAR3
6,3.2668825000000004,5/13/2019 6:15:00 PM,0,5000,2,lowDensity,0.0,B2,3,0,OVCAR3
7,2.8843395,5/13/2019 6:15:00 PM,1,5000,2,lowDensity,0.0,B3,3,0,OVCAR3
8,2.961323,5/13/2019 6:15:00 PM,10,5000,2,lowDensity,0.0,B4,3,0,OVCAR3
9,3.4479995000000003,5/13/2019 6:15:00 PM,25,5000,2,lowDensity,0.0,B5,3,0,OVCAR3
10,3.2619775,5/13/2019 6:15:00 PM,50,5000,2,lowDensity,0.0,B6,3,0,OVCAR3
11,3.04722,5/13/2019 6:15:00 PM,100,5000,2,lowDensity,0.0,B7,3,0,OVCAR3
12,3.1242050000000003,5/13/2019 6:15:00 PM,0,5000,3,lowDensity,0.0,C2,3,0,OVCAR3
13,2.8855475000000004,5/13/2019 6:15:00 PM,1,5000,3,lowDensity,0.0,C3,3,0,OVCAR3
14,3.247333,5/13/2019 6:15:00 PM,10,5000,3,lowDensity,0.0,C4,3,0,OVCAR3
15,6.613028,5/13/2019 6:15:00 PM,25,5000,3,lowDensity,0.0,C5,3,0,OVCAR3
16,3.3079825,5/13/2019 6:15:00 PM,50,5000,3,lowDensity,0.0,C6,3,0,OVCAR3
17,6.6619685,5/13/2019 6:15:00 PM,100,5000,3,lowDensity,0.0,C7,3,0,OVCAR3
18,58.87912,5/13/2019 6:15:00 PM,0,75000,1,highDensity,0.0,D2,3,0,OVCAR3
19,58.467645000000005,5/13/2019 6:15:00 PM,1,75000,1,highDensity,0.0,D3,3,0,OVCAR3
20,60.40149,5/13/2019 6:15:00 PM,10,75000,1,highDensity,0.0,D4,3,0,OVCAR3
21,70.44669,5/13/2019 6:15:00 PM,25,75000,1,highDensity,0.0,D5,3,0,OVCAR3
22,64.93995000000001,5/13/2019 6:15:00 PM,50,75000,1,highDensity,0.0,D6,3,0,OVCAR3
23,62.44645,5/13/2019 6:15:00 PM,100,75000,1,highDensity,0.0,D7,3,0,OVCAR3
24,71.27549,5/13/2019 6:15:00 PM,0,75000,2,highDensity,0.0,E2,3,0,OVCAR3
25,65.94197,5/13/2019 6:15:00 PM,1,75000,2,highDensity,0.0,E3,3,0,OVCAR3
26,70.58031,5/13/2019 6:15:00 PM,10,75000,2,highDensity,0.0,E4,3,0,OVCAR3
27,72.73460500000002,5/13/2019 6:15:00 PM,25,75000,2,highDensity,0.0,E5,3,0,OVCAR3
28,68.490555,5/13/2019 6:15:00 PM,50,75000,2,highDensity,0.0,E6,3,0,OVCAR3
29,60.61791,5/13/2019 6:15:00 PM,100,75000,2,highDensity,0.0,E7,3,0,OVCAR3
30,62.121605,5/13/2019 6:15:00 PM,0,75000,3,highDensity,0.0,F2,3,0,OVCAR3
31,62.931855,5/13/2019 6:15:00 PM,1,75000,3,highDensity,0.0,F3,3,0,OVCAR3
32,60.948985,5/13/2019 6:15:00 PM,10,75000,3,highDensity,0.0,F4,3,0,OVCAR3
33,56.98487,5/13/2019 6:15:00 PM,25,75000,3,highDensity,0.0,F5,3,0,OVCAR3
34,59.64539499999999,5/13/2019 6:15:00 PM,50,75000,3,highDensity,0.0,F6,3,0,OVCAR3
35,59.07608499999999,5/13/2019 6:15:00 PM,100,75000,3,highDensity,0.0,F7,3,0,OVCAR3
36,4.259504,5/14/2019 3:16:00 PM,0,5000,1,lowDensity,0.8756944444444458,A2,3,1,OVCAR3
37,4.169359999999999,5/14/2019 3:16:00 PM,1,5000,1,lowDensity,0.8756944444444458,A3,3,1,OVCAR3
38,4.760996499999999,5/14/2019 3:16:00 PM,10,5000,1,lowDensity,0.8756944444444458,A4,3,1,OVCAR3
39,4.917803,5/14/2019 3:16:00 PM,25,5000,1,lowDensity,0.8756944444444458,A5,3,1,OVCAR3
40,4.4923945000000005,5/14/2019 3:16:00 PM,50,5000,1,lowDensity,0.8756944444444458,A6,3,1,OVCAR3
41,5.378500000000001,5/14/2019 3:16:00 PM,100,5000,1,lowDensity,0.8756944444444458,A7,3,1,OVCAR3
42,4.0571465,5/14/2019 3:16:00 PM,0,5000,2,lowDensity,0.8756944444444458,B2,3,1,OVCAR3
43,4.010968999999999,5/14/2019 3:16:00 PM,1,5000,2,lowDensity,0.8756944444444458,B3,3,1,OVCAR3
44,3.6981575,5/14/2019 3:16:00 PM,10,5000,2,lowDensity,0.8756944444444458,B4,3,1,OVCAR3
45,4.0424685,5/14/2019 3:16:00 PM,25,5000,2,lowDensity,0.8756944444444458,B5,3,1,OVCAR3
46,4.620874,5/14/2019 3:16:00 PM,50,5000,2,lowDensity,0.8756944444444458,B6,3,1,OVCAR3
47,4.2964255,5/14/2019 3:16:00 PM,100,5000,2,lowDensity,0.8756944444444458,B7,3,1,OVCAR3
48,4.5337365,5/14/2019 3:16:00 PM,0,5000,3,lowDensity,0.8756944444444458,C2,3,1,OVCAR3
49,4.6285430000000005,5/14/2019 3:16:00 PM,1,5000,3,lowDensity,0.8756944444444458,C3,3,1,OVCAR3
50,4.1395885,5/14/2019 3:16:00 PM,10,5000,3,lowDensity,0.8756944444444458,C4,3,1,OVCAR3
51,6.1693875,5/14/2019 3:16:00 PM,25,5000,3,lowDensity,0.8756944444444458,C5,3,1,OVCAR3
52,4.0051665000000005,5/14/2019 3:16:00 PM,50,5000,3,lowDensity,0.8756944444444458,C6,3,1,OVCAR3
53,7.423977499999999,5/14/2019 3:16:00 PM,100,5000,3,lowDensity,0.8756944444444458,C7,3,1,OVCAR3
54,85.487165,5/14/2019 3:16:00 PM,0,75000,1,highDensity,0.8756944444444458,D2,3,1,OVCAR3
55,87.250495,5/14/2019 3:16:00 PM,1,75000,1,highDensity,0.8756944444444458,D3,3,1,OVCAR3
56,86.413475,5/14/2019 3:16:00 PM,10,75000,1,highDensity,0.8756944444444458,D4,3,1,OVCAR3
57,89.02841000000001,5/14/2019 3:16:00 PM,25,75000,1,highDensity,0.8756944444444458,D5,3,1,OVCAR3
58,86.086255,5/14/2019 3:16:00 PM,50,75000,1,highDensity,0.8756944444444458,D6,3,1,OVCAR3
59,83.18898,5/14/2019 3:16:00 PM,100,75000,1,highDensity,0.8756944444444458,D7,3,1,OVCAR3
60,94.762215,5/14/2019 3:16:00 PM,0,75000,2,highDensity,0.8756944444444458,E2,3,1,OVCAR3
61,91.99208,5/14/2019 3:16:00 PM,1,75000,2,highDensity,0.8756944444444458,E3,3,1,OVCAR3
62,92.991765,5/14/2019 3:16:00 PM,10,75000,2,highDensity,0.8756944444444458,E4,3,1,OVCAR3
63,93.32063,5/14/2019 3:16:00 PM,25,75000,2,highDensity,0.8756944444444458,E5,3,1,OVCAR3
64,85.69660999999999,5/14/2019 3:16:00 PM,50,75000,2,highDensity,0.8756944444444458,E6,3,1,OVCAR3
65,83.85609,5/14/2019 3:16:00 PM,100,75000,2,highDensity,0.8756944444444458,E7,3,1,OVCAR3
66,81.642075,5/14/2019 3:16:00 PM,0,75000,3,highDensity,0.8756944444444458,F2,3,1,OVCAR3
67,83.06669,5/14/2019 3:16:00 PM,1,75000,3,highDensity,0.8756944444444458,F3,3,1,OVCAR3
68,83.491945,5/14/2019 3:16:00 PM,10,75000,3,highDensity,0.8756944444444458,F4,3,1,OVCAR3
69,73.56535,5/14/2019 3:16:00 PM,25,75000,3,highDensity,0.8756944444444458,F5,3,1,OVCAR3
70,77.04131000000001,5/14/2019 3:16:00 PM,50,75000,3,highDensity,0.8756944444444458,F6,3,1,OVCAR3
71,74.53350499999999,5/14/2019 3:16:00 PM,100,75000,3,highDensity,0.8756944444444458,F7,3,1,OVCAR3
72,11.8441595,5/15/2019 10:59:00 PM,0,5000,1,lowDensity,2.1972222222222206,A2,3,2,OVCAR3
73,9.4782015,5/15/2019 10:59:00 PM,1,5000,1,lowDensity,2.1972222222222206,A3,3,2,OVCAR3
74,9.4207605,5/15/2019 10:59:00 PM,10,5000,1,lowDensity,2.1972222222222206,A4,3,2,OVCAR3
75,7.823965999999999,5/15/2019 10:59:00 PM,25,5000,1,lowDensity,2.1972222222222206,A5,3,2,OVCAR3
76,9.26282,5/15/2019 10:59:00 PM,50,5000,1,lowDensity,2.1972222222222206,A6,3,2,OVCAR3
77,11.855732,5/15/2019 10:59:00 PM,100,5000,1,lowDensity,2.1972222222222206,A7,3,2,OVCAR3
78,9.263026,5/15/2019 10:59:00 PM,0,5000,2,lowDensity,2.1972222222222206,B2,3,2,OVCAR3
79,9.805965,5/15/2019 10:59:00 PM,1,5000,2,lowDensity,2.1972222222222206,B3,3,2,OVCAR3
80,9.2033435,5/15/2019 10:59:00 PM,10,5000,2,lowDensity,2.1972222222222206,B4,3,2,OVCAR3
81,6.520188999999999,5/15/2019 10:59:00 PM,25,5000,2,lowDensity,2.1972222222222206,B5,3,2,OVCAR3
82,8.852955000000001,5/15/2019 10:59:00 PM,50,5000,2,lowDensity,2.1972222222222206,B6,3,2,OVCAR3
83,7.533119500000001,5/15/2019 10:59:00 PM,100,5000,2,lowDensity,2.1972222222222206,B7,3,2,OVCAR3
84,9.993229499999998,5/15/2019 10:59:00 PM,0,5000,3,lowDensity,2.1972222222222206,C2,3,2,OVCAR3
85,7.3463045,5/15/2019 10:59:00 PM,1,5000,3,lowDensity,2.1972222222222206,C3,3,2,OVCAR3
86,7.597431500000001,5/15/2019 10:59:00 PM,10,5000,3,lowDensity,2.1972222222222206,C4,3,2,OVCAR3
87,8.8628325,5/15/2019 10:59:00 PM,25,5000,3,lowDensity,2.1972222222222206,C5,3,2,OVCAR3
88,8.21784,5/15/2019 10:59:00 PM,50,5000,3,lowDensity,2.1972222222222206,C6,3,2,OVCAR3
89,10.822937,5/15/2019 10:59:00 PM,100,5000,3,lowDensity,2.1972222222222206,C7,3,2,OVCAR3
90,98.44198,5/15/2019 10:59:00 PM,0,75000,1,highDensity,2.1972222222222206,D2,3,2,OVCAR3
91,98.37506,5/15/2019 10:59:00 PM,1,75000,1,highDensity,2.1972222222222206,D3,3,2,OVCAR3
92,97.14799,5/15/2019 10:59:00 PM,10,75000,1,highDensity,2.1972222222222206,D4,3,2,OVCAR3
93,94.26738,5/15/2019 10:59:00 PM,25,75000,1,highDensity,2.1972222222222206,D5,3,2,OVCAR3
94,91.806655,5/15/2019 10:59:00 PM,50,75000,1,highDensity,2.1972222222222206,D6,3,2,OVCAR3
95,87.32911,5/15/2019 10:59:00 PM,100,75000,1,highDensity,2.1972222222222206,D7,3,2,OVCAR3
96,99.29681,5/15/2019 10:59:00 PM,0,75000,2,highDensity,2.1972222222222206,E2,3,2,OVCAR3
97,99.14204,5/15/2019 10:59:00 PM,1,75000,2,highDensity,2.1972222222222206,E3,3,2,OVCAR3
98,98.609605,5/15/2019 10:59:00 PM,10,75000,2,highDensity,2.1972222222222206,E4,3,2,OVCAR3
99,97.54915,5/15/2019 10:59:00 PM,25,75000,2,highDensity,2.1972222222222206,E5,3,2,OVCAR3
100,91.92416,5/15/2019 10:59:00 PM,50,75000,2,highDensity,2.1972222222222206,E6,3,2,OVCAR3
101,90.57444,5/15/2019 10:59:00 PM,100,75000,2,highDensity,2.1972222222222206,E7,3,2,OVCAR3
102,93.34763999999998,5/15/2019 10:59:00 PM,0,75000,3,highDensity,2.1972222222222206,F2,3,2,OVCAR3
103,94.65628,5/15/2019 10:59:00 PM,1,75000,3,highDensity,2.1972222222222206,F3,3,2,OVCAR3
104,92.91643,5/15/2019 10:59:00 PM,10,75000,3,highDensity,2.1972222222222206,F4,3,2,OVCAR3
105,82.97411,5/15/2019 10:59:00 PM,25,75000,3,highDensity,2.1972222222222206,F5,3,2,OVCAR3
106,84.36543,5/15/2019 10:59:00 PM,50,75000,3,highDensity,2.1972222222222206,F6,3,2,OVCAR3
107,79.38329,5/15/2019 10:59:00 PM,100,75000,3,highDensity,2.1972222222222206,F7,3,2,OVCAR3
108,13.919555,5/16/2019 3:56:00 PM,0,5000,1,lowDensity,2.9034722222222205,A2,3,3,OVCAR3
109,10.9419545,5/16/2019 3:56:00 PM,1,5000,1,lowDensity,2.9034722222222205,A3,3,3,OVCAR3
110,11.248752500000002,5/16/2019 3:56:00 PM,10,5000,1,lowDensity,2.9034722222222205,A4,3,3,OVCAR3
111,10.4914425,5/16/2019 3:56:00 PM,25,5000,1,lowDensity,2.9034722222222205,A5,3,3,OVCAR3
112,8.460056,5/16/2019 3:56:00 PM,50,5000,1,lowDensity,2.9034722222222205,A6,3,3,OVCAR3
113,10.8399995,5/16/2019 3:56:00 PM,100,5000,1,lowDensity,2.9034722222222205,A7,3,3,OVCAR3
114,13.82208,5/16/2019 3:56:00 PM,0,5000,2,lowDensity,2.9034722222222205,B2,3,3,OVCAR3
115,11.235116,5/16/2019 3:56:00 PM,1,5000,2,lowDensity,2.9034722222222205,B3,3,3,OVCAR3
116,12.015675,5/16/2019 3:56:00 PM,10,5000,2,lowDensity,2.9034722222222205,B4,3,3,OVCAR3
117,7.7113745,5/16/2019 3:56:00 PM,25,5000,2,lowDensity,2.9034722222222205,B5,3,3,OVCAR3
118,8.744676,5/16/2019 3:56:00 PM,50,5000,2,lowDensity,2.9034722222222205,B6,3,3,OVCAR3
119,8.4226805,5/16/2019 3:56:00 PM,100,5000,2,lowDensity,2.9034722222222205,B7,3,3,OVCAR3
120,14.087235,5/16/2019 3:56:00 PM,0,5000,3,lowDensity,2.9034722222222205,C2,3,3,OVCAR3
121,10.105308,5/16/2019 3:56:00 PM,1,5000,3,lowDensity,2.9034722222222205,C3,3,3,OVCAR3
122,10.5812065,5/16/2019 3:56:00 PM,10,5000,3,lowDensity,2.9034722222222205,C4,3,3,OVCAR3
123,11.440096,5/16/2019 3:56:00 PM,25,5000,3,lowDensity,2.9034722222222205,C5,3,3,OVCAR3
124,7.950996999999999,5/16/2019 3:56:00 PM,50,5000,3,lowDensity,2.9034722222222205,C6,3,3,OVCAR3
125,12.27574,5/16/2019 3:56:00 PM,100,5000,3,lowDensity,2.9034722222222205,C7,3,3,OVCAR3
126,99.657975,5/16/2019 3:56:00 PM,0,75000,1,highDensity,2.9034722222222205,D2,3,3,OVCAR3
127,99.670915,5/16/2019 3:56:00 PM,1,75000,1,highDensity,2.9034722222222205,D3,3,3,OVCAR3
128,99.170745,5/16/2019 3:56:00 PM,10,75000,1,highDensity,2.9034722222222205,D4,3,3,OVCAR3
129,96.098385,5/16/2019 3:56:00 PM,25,75000,1,highDensity,2.9034722222222205,D5,3,3,OVCAR3
130,93.039115,5/16/2019 3:56:00 PM,50,75000,1,highDensity,2.9034722222222205,D6,3,3,OVCAR3
131,88.92453,5/16/2019 3:56:00 PM,100,75000,1,highDensity,2.9034722222222205,D7,3,3,OVCAR3
132,99.92088,5/16/2019 3:56:00 PM,0,75000,2,highDensity,2.9034722222222205,E2,3,3,OVCAR3
133,99.758575,5/16/2019 3:56:00 PM,1,75000,2,highDensity,2.9034722222222205,E3,3,3,OVCAR3
134,99.58053,5/16/2019 3:56:00 PM,10,75000,2,highDensity,2.9034722222222205,E4,3,3,OVCAR3
135,98.95457,5/16/2019 3:56:00 PM,25,75000,2,highDensity,2.9034722222222205,E5,3,3,OVCAR3
136,93.947145,5/16/2019 3:56:00 PM,50,75000,2,highDensity,2.9034722222222205,E6,3,3,OVCAR3
137,92.52693,5/16/2019 3:56:00 PM,100,75000,2,highDensity,2.9034722222222205,E7,3,3,OVCAR3
138,96.67816,5/16/2019 3:56:00 PM,0,75000,3,highDensity,2.9034722222222205,F2,3,3,OVCAR3
139,98.460365,5/16/2019 3:56:00 PM,1,75000,3,highDensity,2.9034722222222205,F3,3,3,OVCAR3
140,96.03843,5/16/2019 3:56:00 PM,10,75000,3,highDensity,2.9034722222222205,F4,3,3,OVCAR3
141,87.613685,5/16/2019 3:56:00 PM,25,75000,3,highDensity,2.9034722222222205,F5,3,3,OVCAR3
142,88.19471,5/16/2019 3:56:00 PM,50,75000,3,highDensity,2.9034722222222205,F6,3,3,OVCAR3
143,82.699895,5/16/2019 3:56:00 PM,100,75000,3,highDensity,2.9034722222222205,F7,3,3,OVCAR3
144,18.83749,5/17/2019 5:42:00 PM,0,5000,1,lowDensity,3.9770833333333333,A2,3,4,OVCAR3
145,13.046772999999998,5/17/2019 5:42:00 PM,1,5000,1,lowDensity,3.9770833333333333,A3,3,4,OVCAR3
146,12.746946,5/17/2019 5:42:00 PM,10,5000,1,lowDensity,3.9770833333333333,A4,3,4,OVCAR3
147,7.206083,5/17/2019 5:42:00 PM,25,5000,1,lowDensity,3.9770833333333333,A5,3,4,OVCAR3
148,7.038398,5/17/2019 5:42:00 PM,50,5000,1,lowDensity,3.9770833333333333,A6,3,4,OVCAR3
149,8.928048,5/17/2019 5:42:00 PM,100,5000,1,lowDensity,3.9770833333333333,A7,3,4,OVCAR3
150,19.15797,5/17/2019 5:42:00 PM,0,5000,2,lowDensity,3.9770833333333333,B2,3,4,OVCAR3
151,14.249495,5/17/2019 5:42:00 PM,1,5000,2,lowDensity,3.9770833333333333,B3,3,4,OVCAR3
152,9.0322105,5/17/2019 5:42:00 PM,10,5000,2,lowDensity,3.9770833333333333,B4,3,4,OVCAR3
153,6.108256,5/17/2019 5:42:00 PM,25,5000,2,lowDensity,3.9770833333333333,B5,3,4,OVCAR3
154,6.846921,5/17/2019 5:42:00 PM,50,5000,2,lowDensity,3.9770833333333333,B6,3,4,OVCAR3
155,5.055399,5/17/2019 5:42:00 PM,100,5000,2,lowDensity,3.9770833333333333,B7,3,4,OVCAR3
156,20.22299,5/17/2019 5:42:00 PM,0,5000,3,lowDensity,3.9770833333333333,C2,3,4,OVCAR3
157,12.4492,5/17/2019 5:42:00 PM,1,5000,3,lowDensity,3.9770833333333333,C3,3,4,OVCAR3
158,9.5283785,5/17/2019 5:42:00 PM,10,5000,3,lowDensity,3.9770833333333333,C4,3,4,OVCAR3
159,10.581478999999998,5/17/2019 5:42:00 PM,25,5000,3,lowDensity,3.9770833333333333,C5,3,4,OVCAR3
160,6.61693,5/17/2019 5:42:00 PM,50,5000,3,lowDensity,3.9770833333333333,C6,3,4,OVCAR3
161,9.8272365,5/17/2019 5:42:00 PM,100,5000,3,lowDensity,3.9770833333333333,C7,3,4,OVCAR3
162,99.989325,5/17/2019 5:42:00 PM,0,75000,1,highDensity,3.9770833333333333,D2,3,4,OVCAR3
163,99.933385,5/17/2019 5:42:00 PM,1,75000,1,highDensity,3.9770833333333333,D3,3,4,OVCAR3
164,99.89131,5/17/2019 5:42:00 PM,10,75000,1,highDensity,3.9770833333333333,D4,3,4,OVCAR3
165,98.863555,5/17/2019 5:42:00 PM,25,75000,1,highDensity,3.9770833333333333,D5,3,4,OVCAR3
166,97.199695,5/17/2019 5:42:00 PM,50,75000,1,highDensity,3.9770833333333333,D6,3,4,OVCAR3
167,96.217885,5/17/2019 5:42:00 PM,100,75000,1,highDensity,3.9770833333333333,D7,3,4,OVCAR3
168,99.99865,5/17/2019 5:42:00 PM,0,75000,2,highDensity,3.9770833333333333,E2,3,4,OVCAR3
169,99.981835,5/17/2019 5:42:00 PM,1,75000,2,highDensity,3.9770833333333333,E3,3,4,OVCAR3
170,99.86327,5/17/2019 5:42:00 PM,10,75000,2,highDensity,3.9770833333333333,E4,3,4,OVCAR3
171,99.86478,5/17/2019 5:42:00 PM,25,75000,2,highDensity,3.9770833333333333,E5,3,4,OVCAR3
172,97.71793,5/17/2019 5:42:00 PM,50,75000,2,highDensity,3.9770833333333333,E6,3,4,OVCAR3
173,97.40198,5/17/2019 5:42:00 PM,100,75000,2,highDensity,3.9770833333333333,E7,3,4,OVCAR3
174,99.18729,5/17/2019 5:42:00 PM,0,75000,3,highDensity,3.9770833333333333,F2,3,4,OVCAR3
175,99.77983,5/17/2019 5:42:00 PM,1,75000,3,highDensity,3.9770833333333333,F3,3,4,OVCAR3
176,99.078805,5/17/2019 5:42:00 PM,10,75000,3,highDensity,3.9770833333333333,F4,3,4,OVCAR3
177,90.76143,5/17/2019 5:42:00 PM,25,75000,3,highDensity,3.9770833333333333,F5,3,4,OVCAR3
178,91.68312,5/17/2019 5:42:00 PM,50,75000,3,highDensity,3.9770833333333333,F6,3,4,OVCAR3
179,84.022415,5/17/2019 5:42:00 PM,100,75000,3,highDensity,3.9770833333333333,F7,3,4,OVCAR3
180,31.163965000000005,5/18/2019 5:00:00 PM,0,5000,1,lowDensity,4.947916666666667,A2,3,5,OVCAR3
181,19.06137,5/18/2019 5:00:00 PM,1,5000,1,lowDensity,4.947916666666667,A3,3,5,OVCAR3
182,14.920012,5/18/2019 5:00:00 PM,10,5000,1,lowDensity,4.947916666666667,A4,3,5,OVCAR3
183,7.878848499999999,5/18/2019 5:00:00 PM,25,5000,1,lowDensity,4.947916666666667,A5,3,5,OVCAR3
184,7.521659,5/18/2019 5:00:00 PM,50,5000,1,lowDensity,4.947916666666667,A6,3,5,OVCAR3
185,8.421371,5/18/2019 5:00:00 PM,100,5000,1,lowDensity,4.947916666666667,A7,3,5,OVCAR3
186,32.006765,5/18/2019 5:00:00 PM,0,5000,2,lowDensity,4.947916666666667,B2,3,5,OVCAR3
187,20.04041,5/18/2019 5:00:00 PM,1,5000,2,lowDensity,4.947916666666667,B3,3,5,OVCAR3
188,11.250066,5/18/2019 5:00:00 PM,10,5000,2,lowDensity,4.947916666666667,B4,3,5,OVCAR3
189,7.286728500000001,5/18/2019 5:00:00 PM,25,5000,2,lowDensity,4.947916666666667,B5,3,5,OVCAR3
190,7.293532000000001,5/18/2019 5:00:00 PM,50,5000,2,lowDensity,4.947916666666667,B6,3,5,OVCAR3
191,6.0668115,5/18/2019 5:00:00 PM,100,5000,2,lowDensity,4.947916666666667,B7,3,5,OVCAR3
192,30.00736,5/18/2019 5:00:00 PM,0,5000,3,lowDensity,4.947916666666667,C2,3,5,OVCAR3
193,17.83043,5/18/2019 5:00:00 PM,1,5000,3,lowDensity,4.947916666666667,C3,3,5,OVCAR3
194,11.540219,5/18/2019 5:00:00 PM,10,5000,3,lowDensity,4.947916666666667,C4,3,5,OVCAR3
195,13.0829315,5/18/2019 5:00:00 PM,25,5000,3,lowDensity,4.947916666666667,C5,3,5,OVCAR3
196,7.182766,5/18/2019 5:00:00 PM,50,5000,3,lowDensity,4.947916666666667,C6,3,5,OVCAR3
197,8.202571,5/18/2019 5:00:00 PM,100,5000,3,lowDensity,4.947916666666667,C7,3,5,OVCAR3
198,99.974,5/18/2019 5:00:00 PM,0,75000,1,highDensity,4.947916666666667,D2,3,5,OVCAR3
199,99.98411000000002,5/18/2019 5:00:00 PM,1,75000,1,highDensity,4.947916666666667,D3,3,5,OVCAR3
200,99.931205,5/18/2019 5:00:00 PM,10,75000,1,highDensity,4.947916666666667,D4,3,5,OVCAR3
201,99.393935,5/18/2019 5:00:00 PM,25,75000,1,highDensity,4.947916666666667,D5,3,5,OVCAR3
202,98.55891,5/18/2019 5:00:00 PM,50,75000,1,highDensity,4.947916666666667,D6,3,5,OVCAR3
203,97.523795,5/18/2019 5:00:00 PM,100,75000,1,highDensity,4.947916666666667,D7,3,5,OVCAR3
204,99.99461,5/18/2019 5:00:00 PM,0,75000,2,highDensity,4.947916666666667,E2,3,5,OVCAR3
205,99.998925,5/18/2019 5:00:00 PM,1,75000,2,highDensity,4.947916666666667,E3,3,5,OVCAR3
206,99.96301,5/18/2019 5:00:00 PM,10,75000,2,highDensity,4.947916666666667,E4,3,5,OVCAR3
207,99.913105,5/18/2019 5:00:00 PM,25,75000,2,highDensity,4.947916666666667,E5,3,5,OVCAR3
208,98.352255,5/18/2019 5:00:00 PM,50,75000,2,highDensity,4.947916666666667,E6,3,5,OVCAR3
209,98.31976,5/18/2019 5:00:00 PM,100,75000,2,highDensity,4.947916666666667,E7,3,5,OVCAR3
210,99.96588,5/18/2019 5:00:00 PM,0,75000,3,highDensity,4.947916666666667,F2,3,5,OVCAR3
211,99.97323,5/18/2019 5:00:00 PM,1,75000,3,highDensity,4.947916666666667,F3,3,5,OVCAR3
212,99.722315,5/18/2019 5:00:00 PM,10,75000,3,highDensity,4.947916666666667,F4,3,5,OVCAR3
213,92.02428,5/18/2019 5:00:00 PM,25,75000,3,highDensity,4.947916666666667,F5,3,5,OVCAR3
214,93.74234,5/18/2019 5:00:00 PM,50,75000,3,highDensity,4.947916666666667,F6,3,5,OVCAR3
215,83.839475,5/18/2019 5:00:00 PM,100,75000,3,highDensity,4.947916666666667,F7,3,5,OVCAR3
216,49.30831,5/19/2019 12:26:00 PM,0,5000,1,lowDensity,5.7576388888888745,A2,3,6,OVCAR3
217,29.82654,5/19/2019 12:26:00 PM,1,5000,1,lowDensity,5.7576388888888745,A3,3,6,OVCAR3
218,22.7573,5/19/2019 12:26:00 PM,10,5000,1,lowDensity,5.7576388888888745,A4,3,6,OVCAR3
219,13.2558265,5/19/2019 12:26:00 PM,25,5000,1,lowDensity,5.7576388888888745,A5,3,6,OVCAR3
220,10.6248975,5/19/2019 12:26:00 PM,50,5000,1,lowDensity,5.7576388888888745,A6,3,6,OVCAR3
221,11.9863635,5/19/2019 12:26:00 PM,100,5000,1,lowDensity,5.7576388888888745,A7,3,6,OVCAR3
222,50.05277,5/19/2019 12:26:00 PM,0,5000,2,lowDensity,5.7576388888888745,B2,3,6,OVCAR3
223,29.0843,5/19/2019 12:26:00 PM,1,5000,2,lowDensity,5.7576388888888745,B3,3,6,OVCAR3
224,15.28515,5/19/2019 12:26:00 PM,10,5000,2,lowDensity,5.7576388888888745,B4,3,6,OVCAR3
225,9.077905,5/19/2019 12:26:00 PM,25,5000,2,lowDensity,5.7576388888888745,B5,3,6,OVCAR3
226,9.956138,5/19/2019 12:26:00 PM,50,5000,2,lowDensity,5.7576388888888745,B6,3,6,OVCAR3
227,6.0209795,5/19/2019 12:26:00 PM,100,5000,2,lowDensity,5.7576388888888745,B7,3,6,OVCAR3
228,44.487695,5/19/2019 12:26:00 PM,0,5000,3,lowDensity,5.7576388888888745,C2,3,6,OVCAR3
229,26.309705,5/19/2019 12:26:00 PM,1,5000,3,lowDensity,5.7576388888888745,C3,3,6,OVCAR3
230,15.89834,5/19/2019 12:26:00 PM,10,5000,3,lowDensity,5.7576388888888745,C4,3,6,OVCAR3
231,14.973995,5/19/2019 12:26:00 PM,25,5000,3,lowDensity,5.7576388888888745,C5,3,6,OVCAR3
232,8.2445345,5/19/2019 12:26:00 PM,50,5000,3,lowDensity,5.7576388888888745,C6,3,6,OVCAR3
233,11.01939,5/19/2019 12:26:00 PM,100,5000,3,lowDensity,5.7576388888888745,C7,3,6,OVCAR3
234,99.990335,5/19/2019 12:26:00 PM,0,75000,1,highDensity,5.7576388888888745,D2,3,6,OVCAR3
235,99.97023,5/19/2019 12:26:00 PM,1,75000,1,highDensity,5.7576388888888745,D3,3,6,OVCAR3
236,99.95527,5/19/2019 12:26:00 PM,10,75000,1,highDensity,5.7576388888888745,D4,3,6,OVCAR3
237,99.372585,5/19/2019 12:26:00 PM,25,75000,1,highDensity,5.7576388888888745,D5,3,6,OVCAR3
238,98.29637,5/19/2019 12:26:00 PM,50,75000,1,highDensity,5.7576388888888745,D6,3,6,OVCAR3
239,97.63273,5/19/2019 12:26:00 PM,100,75000,1,highDensity,5.7576388888888745,D7,3,6,OVCAR3
240,99.997275,5/19/2019 12:26:00 PM,0,75000,2,highDensity,5.7576388888888745,E2,3,6,OVCAR3
241,99.991155,5/19/2019 12:26:00 PM,1,75000,2,highDensity,5.7576388888888745,E3,3,6,OVCAR3
242,99.95407,5/19/2019 12:26:00 PM,10,75000,2,highDensity,5.7576388888888745,E4,3,6,OVCAR3
243,99.91898,5/19/2019 12:26:00 PM,25,75000,2,highDensity,5.7576388888888745,E5,3,6,OVCAR3
244,98.740435,5/19/2019 12:26:00 PM,50,75000,2,highDensity,5.7576388888888745,E6,3,6,OVCAR3
245,98.30902,5/19/2019 12:26:00 PM,100,75000,2,highDensity,5.7576388888888745,E7,3,6,OVCAR3
246,99.96798,5/19/2019 12:26:00 PM,0,75000,3,highDensity,5.7576388888888745,F2,3,6,OVCAR3
247,99.93293,5/19/2019 12:26:00 PM,1,75000,3,highDensity,5.7576388888888745,F3,3,6,OVCAR3
248,99.686295,5/19/2019 12:26:00 PM,10,75000,3,highDensity,5.7576388888888745,F4,3,6,OVCAR3
249,92.6256,5/19/2019 12:26:00 PM,25,75000,3,highDensity,5.7576388888888745,F5,3,6,OVCAR3
250,93.521815,5/19/2019 12:26:00 PM,50,75000,3,highDensity,5.7576388888888745,F6,3,6,OVCAR3
251,86.52648500000001,5/19/2019 12:26:00 PM,100,75000,3,highDensity,5.7576388888888745,F7,3,6,OVCAR3
252,70.29976500000001,5/20/2019 5:01:00 PM,0,5000,1,lowDensity,6.948611111111124,A2,3,7,OVCAR3
253,39.65665,5/20/2019 5:01:00 PM,1,5000,1,lowDensity,6.948611111111124,A3,3,7,OVCAR3
254,27.050175,5/20/2019 5:01:00 PM,10,5000,1,lowDensity,6.948611111111124,A4,3,7,OVCAR3
255,11.0046425,5/20/2019 5:01:00 PM,25,5000,1,lowDensity,6.948611111111124,A5,3,7,OVCAR3
256,9.471565,5/20/2019 5:01:00 PM,50,5000,1,lowDensity,6.948611111111124,A6,3,7,OVCAR3
257,6.1080125,5/20/2019 5:01:00 PM,100,5000,1,lowDensity,6.948611111111124,A7,3,7,OVCAR3
258,70.12031999999999,5/20/2019 5:01:00 PM,0,5000,2,lowDensity,6.948611111111124,B2,3,7,OVCAR3
259,43.721575,5/20/2019 5:01:00 PM,1,5000,2,lowDensity,6.948611111111124,B3,3,7,OVCAR3
260,22.763015000000003,5/20/2019 5:01:00 PM,10,5000,2,lowDensity,6.948611111111124,B4,3,7,OVCAR3
261,9.2995345,5/20/2019 5:01:00 PM,25,5000,2,lowDensity,6.948611111111124,B5,3,7,OVCAR3
262,9.3627385,5/20/2019 5:01:00 PM,50,5000,2,lowDensity,6.948611111111124,B6,3,7,OVCAR3
263,4.684115,5/20/2019 5:01:00 PM,100,5000,2,lowDensity,6.948611111111124,B7,3,7,OVCAR3
264,67.84234000000001,5/20/2019 5:01:00 PM,0,5000,3,lowDensity,6.948611111111124,C2,3,7,OVCAR3
265,40.67429,5/20/2019 5:01:00 PM,1,5000,3,lowDensity,6.948611111111124,C3,3,7,OVCAR3
266,21.659835,5/20/2019 5:01:00 PM,10,5000,3,lowDensity,6.948611111111124,C4,3,7,OVCAR3
267,16.55794,5/20/2019 5:01:00 PM,25,5000,3,lowDensity,6.948611111111124,C5,3,7,OVCAR3
268,9.375483,5/20/2019 5:01:00 PM,50,5000,3,lowDensity,6.948611111111124,C6,3,7,OVCAR3
269,9.383494,5/20/2019 5:01:00 PM,100,5000,3,lowDensity,6.948611111111124,C7,3,7,OVCAR3
270,99.991195,5/20/2019 5:01:00 PM,0,75000,1,highDensity,6.948611111111124,D2,3,7,OVCAR3
271,99.98933,5/20/2019 5:01:00 PM,1,75000,1,highDensity,6.948611111111124,D3,3,7,OVCAR3
272,99.9771,5/20/2019 5:01:00 PM,10,75000,1,highDensity,6.948611111111124,D4,3,7,OVCAR3
273,99.85953,5/20/2019 5:01:00 PM,25,75000,1,highDensity,6.948611111111124,D5,3,7,OVCAR3
274,99.358285,5/20/2019 5:01:00 PM,50,75000,1,highDensity,6.948611111111124,D6,3,7,OVCAR3
275,98.320765,5/20/2019 5:01:00 PM,100,75000,1,highDensity,6.948611111111124,D7,3,7,OVCAR3
276,99.998575,5/20/2019 5:01:00 PM,0,75000,2,highDensity,6.948611111111124,E2,3,7,OVCAR3
277,99.9952,5/20/2019 5:01:00 PM,1,75000,2,highDensity,6.948611111111124,E3,3,7,OVCAR3
278,99.9695,5/20/2019 5:01:00 PM,10,75000,2,highDensity,6.948611111111124,E4,3,7,OVCAR3
279,99.88406,5/20/2019 5:01:00 PM,25,75000,2,highDensity,6.948611111111124,E5,3,7,OVCAR3
280,99.746455,5/20/2019 5:01:00 PM,50,75000,2,highDensity,6.948611111111124,E6,3,7,OVCAR3
281,99.38667,5/20/2019 5:01:00 PM,100,75000,2,highDensity,6.948611111111124,E7,3,7,OVCAR3
282,99.995435,5/20/2019 5:01:00 PM,0,75000,3,highDensity,6.948611111111124,F2,3,7,OVCAR3
283,99.984315,5/20/2019 5:01:00 PM,1,75000,3,highDensity,6.948611111111124,F3,3,7,OVCAR3
284,99.91825,5/20/2019 5:01:00 PM,10,75000,3,highDensity,6.948611111111124,F4,3,7,OVCAR3
285,95.75572,5/20/2019 5:01:00 PM,25,75000,3,highDensity,6.948611111111124,F5,3,7,OVCAR3
286,95.851405,5/20/2019 5:01:00 PM,50,75000,3,highDensity,6.948611111111124,F6,3,7,OVCAR3
287,86.671805,5/20/2019 5:01:00 PM,100,75000,3,highDensity,6.948611111111124,F7,3,7,OVCAR3
288,85.310025,5/21/2019 5:01:00 PM,0,5000,1,lowDensity,7.948611111111124,A2,3,8,OVCAR3
289,52.222,5/21/2019 5:01:00 PM,1,5000,1,lowDensity,7.948611111111124,A3,3,8,OVCAR3
290,36.802805,5/21/2019 5:01:00 PM,10,5000,1,lowDensity,7.948611111111124,A4,3,8,OVCAR3
291,11.899489,5/21/2019 5:01:00 PM,25,5000,1,lowDensity,7.948611111111124,A5,3,8,OVCAR3
292,11.367082,5/21/2019 5:01:00 PM,50,5000,1,lowDensity,7.948611111111124,A6,3,8,OVCAR3
293,5.8590325000000005,5/21/2019 5:01:00 PM,100,5000,1,lowDensity,7.948611111111124,A7,3,8,OVCAR3
294,85.69843,5/21/2019 5:01:00 PM,0,5000,2,lowDensity,7.948611111111124,B2,3,8,OVCAR3
295,59.2338,5/21/2019 5:01:00 PM,1,5000,2,lowDensity,7.948611111111124,B3,3,8,OVCAR3
296,33.3382,5/21/2019 5:01:00 PM,10,5000,2,lowDensity,7.948611111111124,B4,3,8,OVCAR3
297,12.714725,5/21/2019 5:01:00 PM,25,5000,2,lowDensity,7.948611111111124,B5,3,8,OVCAR3
298,11.500198,5/21/2019 5:01:00 PM,50,5000,2,lowDensity,7.948611111111124,B6,3,8,OVCAR3
299,4.93759,5/21/2019 5:01:00 PM,100,5000,2,lowDensity,7.948611111111124,B7,3,8,OVCAR3
300,86.568865,5/21/2019 5:01:00 PM,0,5000,3,lowDensity,7.948611111111124,C2,3,8,OVCAR3
301,52.17061,5/21/2019 5:01:00 PM,1,5000,3,lowDensity,7.948611111111124,C3,3,8,OVCAR3
302,29.914995,5/21/2019 5:01:00 PM,10,5000,3,lowDensity,7.948611111111124,C4,3,8,OVCAR3
303,21.164425,5/21/2019 5:01:00 PM,25,5000,3,lowDensity,7.948611111111124,C5,3,8,OVCAR3
304,11.248409,5/21/2019 5:01:00 PM,50,5000,3,lowDensity,7.948611111111124,C6,3,8,OVCAR3
305,9.805169,5/21/2019 5:01:00 PM,100,5000,3,lowDensity,7.948611111111124,C7,3,8,OVCAR3
306,99.9884,5/21/2019 5:01:00 PM,0,75000,1,highDensity,7.948611111111124,D2,3,8,OVCAR3
307,99.99061,5/21/2019 5:01:00 PM,1,75000,1,highDensity,7.948611111111124,D3,3,8,OVCAR3
308,99.97406,5/21/2019 5:01:00 PM,10,75000,1,highDensity,7.948611111111124,D4,3,8,OVCAR3
309,99.942665,5/21/2019 5:01:00 PM,25,75000,1,highDensity,7.948611111111124,D5,3,8,OVCAR3
310,99.81691,5/21/2019 5:01:00 PM,50,75000,1,highDensity,7.948611111111124,D6,3,8,OVCAR3
311,98.788405,5/21/2019 5:01:00 PM,100,75000,1,highDensity,7.948611111111124,D7,3,8,OVCAR3
312,99.99237,5/21/2019 5:01:00 PM,0,75000,2,highDensity,7.948611111111124,E2,3,8,OVCAR3
313,99.995785,5/21/2019 5:01:00 PM,1,75000,2,highDensity,7.948611111111124,E3,3,8,OVCAR3
314,99.97817,5/21/2019 5:01:00 PM,10,75000,2,highDensity,7.948611111111124,E4,3,8,OVCAR3
315,99.953135,5/21/2019 5:01:00 PM,25,75000,2,highDensity,7.948611111111124,E5,3,8,OVCAR3
316,99.722455,5/21/2019 5:01:00 PM,50,75000,2,highDensity,7.948611111111124,E6,3,8,OVCAR3
317,99.26838,5/21/2019 5:01:00 PM,100,75000,2,highDensity,7.948611111111124,E7,3,8,OVCAR3
318,99.99999,5/21/2019 5:01:00 PM,0,75000,3,highDensity,7.948611111111124,F2,3,8,OVCAR3
319,99.998785,5/21/2019 5:01:00 PM,1,75000,3,highDensity,7.948611111111124,F3,3,8,OVCAR3
320,99.97565,5/21/2019 5:01:00 PM,10,75000,3,highDensity,7.948611111111124,F4,3,8,OVCAR3
321,97.7206,5/21/2019 5:01:00 PM,25,75000,3,highDensity,7.948611111111124,F5,3,8,OVCAR3
322,97.030175,5/21/2019 5:01:00 PM,50,75000,3,highDensity,7.948611111111124,F6,3,8,OVCAR3
323,87.71285499999999,5/21/2019 5:01:00 PM,100,75000,3,highDensity,7.948611111111124,F7,3,8,OVCAR3
324,94.10616,5/22/2019 5:16:00 PM,0,5000,1,lowDensity,8.959027777777791,A2,3,9,OVCAR3
325,64.934635,5/22/2019 5:16:00 PM,1,5000,1,lowDensity,8.959027777777791,A3,3,9,OVCAR3
326,49.377315,5/22/2019 5:16:00 PM,10,5000,1,lowDensity,8.959027777777791,A4,3,9,OVCAR3
327,17.9927015,5/22/2019 5:16:00 PM,25,5000,1,lowDensity,8.959027777777791,A5,3,9,OVCAR3
328,13.3382025,5/22/2019 5:16:00 PM,50,5000,1,lowDensity,8.959027777777791,A6,3,9,OVCAR3
329,7.117666000000001,5/22/2019 5:16:00 PM,100,5000,1,lowDensity,8.959027777777791,A7,3,9,OVCAR3
330,94.89825,5/22/2019 5:16:00 PM,0,5000,2,lowDensity,8.959027777777791,B2,3,9,OVCAR3
331,75.39063999999999,5/22/2019 5:16:00 PM,1,5000,2,lowDensity,8.959027777777791,B3,3,9,OVCAR3
332,42.41172,5/22/2019 5:16:00 PM,10,5000,2,lowDensity,8.959027777777791,B4,3,9,OVCAR3
333,15.946935,5/22/2019 5:16:00 PM,25,5000,2,lowDensity,8.959027777777791,B5,3,9,OVCAR3
334,13.5636405,5/22/2019 5:16:00 PM,50,5000,2,lowDensity,8.959027777777791,B6,3,9,OVCAR3
335,7.480936,5/22/2019 5:16:00 PM,100,5000,2,lowDensity,8.959027777777791,B7,3,9,OVCAR3
336,94.530135,5/22/2019 5:16:00 PM,0,5000,3,lowDensity,8.959027777777791,C2,3,9,OVCAR3
337,65.0488,5/22/2019 5:16:00 PM,1,5000,3,lowDensity,8.959027777777791,C3,3,9,OVCAR3
338,40.859645,5/22/2019 5:16:00 PM,10,5000,3,lowDensity,8.959027777777791,C4,3,9,OVCAR3
339,26.760205,5/22/2019 5:16:00 PM,25,5000,3,lowDensity,8.959027777777791,C5,3,9,OVCAR3
340,15.914185,5/22/2019 5:16:00 PM,50,5000,3,lowDensity,8.959027777777791,C6,3,9,OVCAR3
341,13.12793,5/22/2019 5:16:00 PM,100,5000,3,lowDensity,8.959027777777791,C7,3,9,OVCAR3
342,99.99796,5/22/2019 5:16:00 PM,0,75000,1,highDensity,8.959027777777791,D2,3,9,OVCAR3
343,99.988745,5/22/2019 5:16:00 PM,1,75000,1,highDensity,8.959027777777791,D3,3,9,OVCAR3
344,99.95054,5/22/2019 5:16:00 PM,10,75000,1,highDensity,8.959027777777791,D4,3,9,OVCAR3
345,99.89632,5/22/2019 5:16:00 PM,25,75000,1,highDensity,8.959027777777791,D5,3,9,OVCAR3
346,99.72812,5/22/2019 5:16:00 PM,50,75000,1,highDensity,8.959027777777791,D6,3,9,OVCAR3
347,98.62495,5/22/2019 5:16:00 PM,100,75000,1,highDensity,8.959027777777791,D7,3,9,OVCAR3
348,99.987875,5/22/2019 5:16:00 PM,0,75000,2,highDensity,8.959027777777791,E2,3,9,OVCAR3
349,99.99451,5/22/2019 5:16:00 PM,1,75000,2,highDensity,8.959027777777791,E3,3,9,OVCAR3
350,99.961255,5/22/2019 5:16:00 PM,10,75000,2,highDensity,8.959027777777791,E4,3,9,OVCAR3
351,99.913905,5/22/2019 5:16:00 PM,25,75000,2,highDensity,8.959027777777791,E5,3,9,OVCAR3
352,99.611345,5/22/2019 5:16:00 PM,50,75000,2,highDensity,8.959027777777791,E6,3,9,OVCAR3
353,98.851685,5/22/2019 5:16:00 PM,100,75000,2,highDensity,8.959027777777791,E7,3,9,OVCAR3
354,99.996885,5/22/2019 5:16:00 PM,0,75000,3,highDensity,8.959027777777791,F2,3,9,OVCAR3
355,99.98905,5/22/2019 5:16:00 PM,1,75000,3,highDensity,8.959027777777791,F3,3,9,OVCAR3
356,99.97054,5/22/2019 5:16:00 PM,10,75000,3,highDensity,8.959027777777791,F4,3,9,OVCAR3
357,98.23832,5/22/2019 5:16:00 PM,25,75000,3,highDensity,8.959027777777791,F5,3,9,OVCAR3
358,97.888185,5/22/2019 5:16:00 PM,50,75000,3,highDensity,8.959027777777791,F6,3,9,OVCAR3
359,88.78833499999999,5/22/2019 5:16:00 PM,100,75000,3,highDensity,8.959027777777791,F7,3,9,OVCAR3
0,3.7233365,5/12/2019 9:56:00 PM,0,5000,1,lowDensity,0.0,A2,3,0,OVCAR4
1,6.2592550000000005,5/12/2019 9:56:00 PM,1,5000,1,lowDensity,0.0,A3,3,0,OVCAR4
2,6.4646605,5/12/2019 9:56:00 PM,10,5000,1,lowDensity,0.0,A4,3,0,OVCAR4
3,5.5410054,5/12/2019 9:56:00 PM,25,5000,1,lowDensity,0.0,A5,3,0,OVCAR4
4,6.4849975,5/12/2019 9:56:00 PM,50,5000,1,lowDensity,0.0,A6,3,0,OVCAR4
5,6.5189145,5/12/2019 9:56:00 PM,100,5000,1,lowDensity,0.0,A7,3,0,OVCAR4
6,5.0505640000000005,5/12/2019 9:56:00 PM,0,5000,2,lowDensity,0.0,B2,3,0,OVCAR4
7,7.517959999999999,5/12/2019 9:56:00 PM,1,5000,2,lowDensity,0.0,B3,3,0,OVCAR4
8,6.9415915,5/12/2019 9:56:00 PM,10,5000,2,lowDensity,0.0,B4,3,0,OVCAR4
9,7.3645085,5/12/2019 9:56:00 PM,25,5000,2,lowDensity,0.0,B5,3,0,OVCAR4
10,11.747626,5/12/2019 9:56:00 PM,50,5000,2,lowDensity,0.0,B6,3,0,OVCAR4
11,4.3674695,5/12/2019 9:56:00 PM,100,5000,2,lowDensity,0.0,B7,3,0,OVCAR4
12,6.7082515,5/12/2019 9:56:00 PM,0,5000,3,lowDensity,0.0,C2,3,0,OVCAR4
13,7.040815500000001,5/12/2019 9:56:00 PM,1,5000,3,lowDensity,0.0,C3,3,0,OVCAR4
14,9.5700365,5/12/2019 9:56:00 PM,10,5000,3,lowDensity,0.0,C4,3,0,OVCAR4
15,8.199362,5/12/2019 9:56:00 PM,25,5000,3,lowDensity,0.0,C5,3,0,OVCAR4
16,10.4345595,5/12/2019 9:56:00 PM,50,5000,3,lowDensity,0.0,C6,3,0,OVCAR4
17,12.330005,5/12/2019 9:56:00 PM,100,5000,3,lowDensity,0.0,C7,3,0,OVCAR4
18,58.247705,5/12/2019 9:56:00 PM,0,75000,1,highDensity,0.0,D2,3,0,OVCAR4
19,83.229775,5/12/2019 9:56:00 PM,1,75000,1,highDensity,0.0,D3,3,0,OVCAR4
20,69.05649,5/12/2019 9:56:00 PM,10,75000,1,highDensity,0.0,D4,3,0,OVCAR4
21,85.52045000000001,5/12/2019 9:56:00 PM,25,75000,1,highDensity,0.0,D5,3,0,OVCAR4
22,66.551965,5/12/2019 9:56:00 PM,50,75000,1,highDensity,0.0,D6,3,0,OVCAR4
23,49.933205,5/12/2019 9:56:00 PM,100,75000,1,highDensity,0.0,D7,3,0,OVCAR4
24,76.57981,5/12/2019 9:56:00 PM,0,75000,2,highDensity,0.0,E2,3,0,OVCAR4
25,51.007505,5/12/2019 9:56:00 PM,1,75000,2,highDensity,0.0,E3,3,0,OVCAR4
26,55.36737,5/12/2019 9:56:00 PM,10,75000,2,highDensity,0.0,E4,3,0,OVCAR4
27,60.32152000000001,5/12/2019 9:56:00 PM,25,75000,2,highDensity,0.0,E5,3,0,OVCAR4
28,57.328755,5/12/2019 9:56:00 PM,50,75000,2,highDensity,0.0,E6,3,0,OVCAR4
29,40.07218,5/12/2019 9:56:00 PM,100,75000,2,highDensity,0.0,E7,3,0,OVCAR4
30,32.39863,5/12/2019 9:56:00 PM,0,75000,3,highDensity,0.0,F2,3,0,OVCAR4
31,29.908810000000003,5/12/2019 9:56:00 PM,1,75000,3,highDensity,0.0,F3,3,0,OVCAR4
32,38.31607,5/12/2019 9:56:00 PM,10,75000,3,highDensity,0.0,F4,3,0,OVCAR4
33,34.959445,5/12/2019 9:56:00 PM,25,75000,3,highDensity,0.0,F5,3,0,OVCAR4
34,31.950535,5/12/2019 9:56:00 PM,50,75000,3,highDensity,0.0,F6,3,0,OVCAR4
35,23.550305,5/12/2019 9:56:00 PM,100,75000,3,highDensity,0.0,F7,3,0,OVCAR4
36,8.2830495,5/13/2019 4:52:00 PM,0,5000,1,lowDensity,0.7888888888888875,A2,3,1,OVCAR4
37,11.74262,5/13/2019 4:52:00 PM,1,5000,1,lowDensity,0.7888888888888875,A3,3,1,OVCAR4
38,9.9820115,5/13/2019 4:52:00 PM,10,5000,1,lowDensity,0.7888888888888875,A4,3,1,OVCAR4
39,9.665717,5/13/2019 4:52:00 PM,25,5000,1,lowDensity,0.7888888888888875,A5,3,1,OVCAR4
40,11.7808545,5/13/2019 4:52:00 PM,50,5000,1,lowDensity,0.7888888888888875,A6,3,1,OVCAR4
41,10.9787765,5/13/2019 4:52:00 PM,100,5000,1,lowDensity,0.7888888888888875,A7,3,1,OVCAR4
42,9.552109,5/13/2019 4:52:00 PM,0,5000,2,lowDensity,0.7888888888888875,B2,3,1,OVCAR4
43,16.3023665,5/13/2019 4:52:00 PM,1,5000,2,lowDensity,0.7888888888888875,B3,3,1,OVCAR4
44,13.5586905,5/13/2019 4:52:00 PM,10,5000,2,lowDensity,0.7888888888888875,B4,3,1,OVCAR4
45,11.3352775,5/13/2019 4:52:00 PM,25,5000,2,lowDensity,0.7888888888888875,B5,3,1,OVCAR4
46,18.7469655,5/13/2019 4:52:00 PM,50,5000,2,lowDensity,0.7888888888888875,B6,3,1,OVCAR4
47,7.9721675,5/13/2019 4:52:00 PM,100,5000,2,lowDensity,0.7888888888888875,B7,3,1,OVCAR4
48,13.77843,5/13/2019 4:52:00 PM,0,5000,3,lowDensity,0.7888888888888875,C2,3,1,OVCAR4
49,10.8619675,5/13/2019 4:52:00 PM,1,5000,3,lowDensity,0.7888888888888875,C3,3,1,OVCAR4
50,14.6551715,5/13/2019 4:52:00 PM,10,5000,3,lowDensity,0.7888888888888875,C4,3,1,OVCAR4
51,15.445848,5/13/2019 4:52:00 PM,25,5000,3,lowDensity,0.7888888888888875,C5,3,1,OVCAR4
52,15.18882,5/13/2019 4:52:00 PM,50,5000,3,lowDensity,0.7888888888888875,C6,3,1,OVCAR4
53,15.67578,5/13/2019 4:52:00 PM,100,5000,3,lowDensity,0.7888888888888875,C7,3,1,OVCAR4
54,81.20799500000001,5/13/2019 4:52:00 PM,0,75000,1,highDensity,0.7888888888888875,D2,3,1,OVCAR4
55,98.11132,5/13/2019 4:52:00 PM,1,75000,1,highDensity,0.7888888888888875,D3,3,1,OVCAR4
56,89.96749,5/13/2019 4:52:00 PM,10,75000,1,highDensity,0.7888888888888875,D4,3,1,OVCAR4
57,97.532535,5/13/2019 4:52:00 PM,25,75000,1,highDensity,0.7888888888888875,D5,3,1,OVCAR4
58,87.630685,5/13/2019 4:52:00 PM,50,75000,1,highDensity,0.7888888888888875,D6,3,1,OVCAR4
59,69.43677,5/13/2019 4:52:00 PM,100,75000,1,highDensity,0.7888888888888875,D7,3,1,OVCAR4
60,97.255745,5/13/2019 4:52:00 PM,0,75000,2,highDensity,0.7888888888888875,E2,3,1,OVCAR4
61,76.55407,5/13/2019 4:52:00 PM,1,75000,2,highDensity,0.7888888888888875,E3,3,1,OVCAR4
62,73.1097,5/13/2019 4:52:00 PM,10,75000,2,highDensity,0.7888888888888875,E4,3,1,OVCAR4
63,76.62317999999999,5/13/2019 4:52:00 PM,25,75000,2,highDensity,0.7888888888888875,E5,3,1,OVCAR4
64,78.44375000000001,5/13/2019 4:52:00 PM,50,75000,2,highDensity,0.7888888888888875,E6,3,1,OVCAR4
65,59.123525,5/13/2019 4:52:00 PM,100,75000,2,highDensity,0.7888888888888875,E7,3,1,OVCAR4
66,54.20652,5/13/2019 4:52:00 PM,0,75000,3,highDensity,0.7888888888888875,F2,3,1,OVCAR4
67,53.94498,5/13/2019 4:52:00 PM,1,75000,3,highDensity,0.7888888888888875,F3,3,1,OVCAR4
68,61.210695,5/13/2019 4:52:00 PM,10,75000,3,highDensity,0.7888888888888875,F4,3,1,OVCAR4
69,53.998925,5/13/2019 4:52:00 PM,25,75000,3,highDensity,0.7888888888888875,F5,3,1,OVCAR4
70,52.037355,5/13/2019 4:52:00 PM,50,75000,3,highDensity,0.7888888888888875,F6,3,1,OVCAR4
71,39.9111,5/13/2019 4:52:00 PM,100,75000,3,highDensity,0.7888888888888875,F7,3,1,OVCAR4
72,10.17763,5/14/2019 2:30:00 PM,0,5000,1,lowDensity,1.6902777777777798,A2,3,2,OVCAR4
73,17.930932,5/14/2019 2:30:00 PM,1,5000,1,lowDensity,1.6902777777777798,A3,3,2,OVCAR4
74,12.1617,5/14/2019 2:30:00 PM,10,5000,1,lowDensity,1.6902777777777798,A4,3,2,OVCAR4
75,13.602973,5/14/2019 2:30:00 PM,25,5000,1,lowDensity,1.6902777777777798,A5,3,2,OVCAR4
76,14.272943,5/14/2019 2:30:00 PM,50,5000,1,lowDensity,1.6902777777777798,A6,3,2,OVCAR4
77,11.18331,5/14/2019 2:30:00 PM,100,5000,1,lowDensity,1.6902777777777798,A7,3,2,OVCAR4
78,14.6445715,5/14/2019 2:30:00 PM,0,5000,2,lowDensity,1.6902777777777798,B2,3,2,OVCAR4
79,23.35589,5/14/2019 2:30:00 PM,1,5000,2,lowDensity,1.6902777777777798,B3,3,2,OVCAR4
80,16.641769,5/14/2019 2:30:00 PM,10,5000,2,lowDensity,1.6902777777777798,B4,3,2,OVCAR4
81,14.5474415,5/14/2019 2:30:00 PM,25,5000,2,lowDensity,1.6902777777777798,B5,3,2,OVCAR4
82,22.7606935,5/14/2019 2:30:00 PM,50,5000,2,lowDensity,1.6902777777777798,B6,3,2,OVCAR4
83,7.5238335,5/14/2019 2:30:00 PM,100,5000,2,lowDensity,1.6902777777777798,B7,3,2,OVCAR4
84,23.686965,5/14/2019 2:30:00 PM,0,5000,3,lowDensity,1.6902777777777798,C2,3,2,OVCAR4
85,17.76587,5/14/2019 2:30:00 PM,1,5000,3,lowDensity,1.6902777777777798,C3,3,2,OVCAR4
86,21.393676,5/14/2019 2:30:00 PM,10,5000,3,lowDensity,1.6902777777777798,C4,3,2,OVCAR4
87,19.65157,5/14/2019 2:30:00 PM,25,5000,3,lowDensity,1.6902777777777798,C5,3,2,OVCAR4
88,17.08921,5/14/2019 2:30:00 PM,50,5000,3,lowDensity,1.6902777777777798,C6,3,2,OVCAR4
89,16.230314999999997,5/14/2019 2:30:00 PM,100,5000,3,lowDensity,1.6902777777777798,C7,3,2,OVCAR4
90,95.373735,5/14/2019 2:30:00 PM,0,75000,1,highDensity,1.6902777777777798,D2,3,2,OVCAR4
91,99.85946,5/14/2019 2:30:00 PM,1,75000,1,highDensity,1.6902777777777798,D3,3,2,OVCAR4
92,97.42588,5/14/2019 2:30:00 PM,10,75000,1,highDensity,1.6902777777777798,D4,3,2,OVCAR4
93,98.666075,5/14/2019 2:30:00 PM,25,75000,1,highDensity,1.6902777777777798,D5,3,2,OVCAR4
94,94.405605,5/14/2019 2:30:00 PM,50,75000,1,highDensity,1.6902777777777798,D6,3,2,OVCAR4
95,79.74999,5/14/2019 2:30:00 PM,100,75000,1,highDensity,1.6902777777777798,D7,3,2,OVCAR4
96,99.911275,5/14/2019 2:30:00 PM,0,75000,2,highDensity,1.6902777777777798,E2,3,2,OVCAR4
97,93.554895,5/14/2019 2:30:00 PM,1,75000,2,highDensity,1.6902777777777798,E3,3,2,OVCAR4
98,83.933145,5/14/2019 2:30:00 PM,10,75000,2,highDensity,1.6902777777777798,E4,3,2,OVCAR4
99,85.547465,5/14/2019 2:30:00 PM,25,75000,2,highDensity,1.6902777777777798,E5,3,2,OVCAR4
100,89.22960499999999,5/14/2019 2:30:00 PM,50,75000,2,highDensity,1.6902777777777798,E6,3,2,OVCAR4
101,72.301315,5/14/2019 2:30:00 PM,100,75000,2,highDensity,1.6902777777777798,E7,3,2,OVCAR4
102,82.27478500000001,5/14/2019 2:30:00 PM,0,75000,3,highDensity,1.6902777777777798,F2,3,2,OVCAR4
103,79.81026,5/14/2019 2:30:00 PM,1,75000,3,highDensity,1.6902777777777798,F3,3,2,OVCAR4
104,75.00804,5/14/2019 2:30:00 PM,10,75000,3,highDensity,1.6902777777777798,F4,3,2,OVCAR4
105,67.89086999999999,5/14/2019 2:30:00 PM,25,75000,3,highDensity,1.6902777777777798,F5,3,2,OVCAR4
106,67.16947,5/14/2019 2:30:00 PM,50,75000,3,highDensity,1.6902777777777798,F6,3,2,OVCAR4
107,49.393460000000005,5/14/2019 2:30:00 PM,100,75000,3,highDensity,1.6902777777777798,F7,3,2,OVCAR4
108,18.16213,5/15/2019 2:35:00 PM,0,5000,1,lowDensity,2.69375,A2,3,3,OVCAR4
109,26.17398,5/15/2019 2:35:00 PM,1,5000,1,lowDensity,2.69375,A3,3,3,OVCAR4
110,14.407734,5/15/2019 2:35:00 PM,10,5000,1,lowDensity,2.69375,A4,3,3,OVCAR4
111,14.8029625,5/15/2019 2:35:00 PM,25,5000,1,lowDensity,2.69375,A5,3,3,OVCAR4
112,15.384963,5/15/2019 2:35:00 PM,50,5000,1,lowDensity,2.69375,A6,3,3,OVCAR4
113,11.725314,5/15/2019 2:35:00 PM,100,5000,1,lowDensity,2.69375,A7,3,3,OVCAR4
114,24.440455,5/15/2019 2:35:00 PM,0,5000,2,lowDensity,2.69375,B2,3,3,OVCAR4
115,36.586055,5/15/2019 2:35:00 PM,1,5000,2,lowDensity,2.69375,B3,3,3,OVCAR4
116,25.19814,5/15/2019 2:35:00 PM,10,5000,2,lowDensity,2.69375,B4,3,3,OVCAR4
117,19.2569905,5/15/2019 2:35:00 PM,25,5000,2,lowDensity,2.69375,B5,3,3,OVCAR4
118,27.9374505,5/15/2019 2:35:00 PM,50,5000,2,lowDensity,2.69375,B6,3,3,OVCAR4
119,8.1424405,5/15/2019 2:35:00 PM,100,5000,2,lowDensity,2.69375,B7,3,3,OVCAR4
120,41.23135,5/15/2019 2:35:00 PM,0,5000,3,lowDensity,2.69375,C2,3,3,OVCAR4
121,33.52046,5/15/2019 2:35:00 PM,1,5000,3,lowDensity,2.69375,C3,3,3,OVCAR4
122,28.391505,5/15/2019 2:35:00 PM,10,5000,3,lowDensity,2.69375,C4,3,3,OVCAR4
123,22.59764,5/15/2019 2:35:00 PM,25,5000,3,lowDensity,2.69375,C5,3,3,OVCAR4
124,21.386185,5/15/2019 2:35:00 PM,50,5000,3,lowDensity,2.69375,C6,3,3,OVCAR4
125,17.09922,5/15/2019 2:35:00 PM,100,5000,3,lowDensity,2.69375,C7,3,3,OVCAR4
126,99.5794,5/15/2019 2:35:00 PM,0,75000,1,highDensity,2.69375,D2,3,3,OVCAR4
127,99.966605,5/15/2019 2:35:00 PM,1,75000,1,highDensity,2.69375,D3,3,3,OVCAR4
128,99.43451,5/15/2019 2:35:00 PM,10,75000,1,highDensity,2.69375,D4,3,3,OVCAR4
129,98.90985,5/15/2019 2:35:00 PM,25,75000,1,highDensity,2.69375,D5,3,3,OVCAR4
130,97.22746,5/15/2019 2:35:00 PM,50,75000,1,highDensity,2.69375,D6,3,3,OVCAR4
131,83.439715,5/15/2019 2:35:00 PM,100,75000,1,highDensity,2.69375,D7,3,3,OVCAR4
132,99.973435,5/15/2019 2:35:00 PM,0,75000,2,highDensity,2.69375,E2,3,3,OVCAR4
133,99.53091,5/15/2019 2:35:00 PM,1,75000,2,highDensity,2.69375,E3,3,3,OVCAR4
134,93.42317,5/15/2019 2:35:00 PM,10,75000,2,highDensity,2.69375,E4,3,3,OVCAR4
135,91.852585,5/15/2019 2:35:00 PM,25,75000,2,highDensity,2.69375,E5,3,3,OVCAR4
136,94.729565,5/15/2019 2:35:00 PM,50,75000,2,highDensity,2.69375,E6,3,3,OVCAR4
137,79.61036999999999,5/15/2019 2:35:00 PM,100,75000,2,highDensity,2.69375,E7,3,3,OVCAR4
138,97.476275,5/15/2019 2:35:00 PM,0,75000,3,highDensity,2.69375,F2,3,3,OVCAR4
139,95.34773,5/15/2019 2:35:00 PM,1,75000,3,highDensity,2.69375,F3,3,3,OVCAR4
140,86.63417000000001,5/15/2019 2:35:00 PM,10,75000,3,highDensity,2.69375,F4,3,3,OVCAR4
141,77.278695,5/15/2019 2:35:00 PM,25,75000,3,highDensity,2.69375,F5,3,3,OVCAR4
142,74.63905,5/15/2019 2:35:00 PM,50,75000,3,highDensity,2.69375,F6,3,3,OVCAR4
143,57.063195,5/15/2019 2:35:00 PM,100,75000,3,highDensity,2.69375,F7,3,3,OVCAR4
144,32.8966,5/16/2019 3:47:00 PM,0,5000,1,lowDensity,3.74375,A2,3,4,OVCAR4
145,35.743985,5/16/2019 3:47:00 PM,1,5000,1,lowDensity,3.74375,A3,3,4,OVCAR4
146,18.7410525,5/16/2019 3:47:00 PM,10,5000,1,lowDensity,3.74375,A4,3,4,OVCAR4
147,15.595884999999996,5/16/2019 3:47:00 PM,25,5000,1,lowDensity,3.74375,A5,3,4,OVCAR4
148,17.3650955,5/16/2019 3:47:00 PM,50,5000,1,lowDensity,3.74375,A6,3,4,OVCAR4
149,11.8739665,5/16/2019 3:47:00 PM,100,5000,1,lowDensity,3.74375,A7,3,4,OVCAR4
150,40.46073,5/16/2019 3:47:00 PM,0,5000,2,lowDensity,3.74375,B2,3,4,OVCAR4
151,53.22561999999999,5/16/2019 3:47:00 PM,1,5000,2,lowDensity,3.74375,B3,3,4,OVCAR4
152,32.108235,5/16/2019 3:47:00 PM,10,5000,2,lowDensity,3.74375,B4,3,4,OVCAR4
153,21.7193055,5/16/2019 3:47:00 PM,25,5000,2,lowDensity,3.74375,B5,3,4,OVCAR4
154,31.1748045,5/16/2019 3:47:00 PM,50,5000,2,lowDensity,3.74375,B6,3,4,OVCAR4
155,6.986176500000001,5/16/2019 3:47:00 PM,100,5000,2,lowDensity,3.74375,B7,3,4,OVCAR4
156,67.113385,5/16/2019 3:47:00 PM,0,5000,3,lowDensity,3.74375,C2,3,4,OVCAR4
157,52.33688,5/16/2019 3:47:00 PM,1,5000,3,lowDensity,3.74375,C3,3,4,OVCAR4
158,34.64412,5/16/2019 3:47:00 PM,10,5000,3,lowDensity,3.74375,C4,3,4,OVCAR4
159,22.706055,5/16/2019 3:47:00 PM,25,5000,3,lowDensity,3.74375,C5,3,4,OVCAR4
160,22.912225,5/16/2019 3:47:00 PM,50,5000,3,lowDensity,3.74375,C6,3,4,OVCAR4
161,21.61994,5/16/2019 3:47:00 PM,100,5000,3,lowDensity,3.74375,C7,3,4,OVCAR4
162,99.95234,5/16/2019 3:47:00 PM,0,75000,1,highDensity,3.74375,D2,3,4,OVCAR4
163,99.998065,5/16/2019 3:47:00 PM,1,75000,1,highDensity,3.74375,D3,3,4,OVCAR4
164,99.77579,5/16/2019 3:47:00 PM,10,75000,1,highDensity,3.74375,D4,3,4,OVCAR4
165,99.000435,5/16/2019 3:47:00 PM,25,75000,1,highDensity,3.74375,D5,3,4,OVCAR4
166,97.57194,5/16/2019 3:47:00 PM,50,75000,1,highDensity,3.74375,D6,3,4,OVCAR4
167,75.58112,5/16/2019 3:47:00 PM,100,75000,1,highDensity,3.74375,D7,3,4,OVCAR4
168,99.9973,5/16/2019 3:47:00 PM,0,75000,2,highDensity,3.74375,E2,3,4,OVCAR4
169,99.849035,5/16/2019 3:47:00 PM,1,75000,2,highDensity,3.74375,E3,3,4,OVCAR4
170,98.279635,5/16/2019 3:47:00 PM,10,75000,2,highDensity,3.74375,E4,3,4,OVCAR4
171,90.26646,5/16/2019 3:47:00 PM,25,75000,2,highDensity,3.74375,E5,3,4,OVCAR4
172,95.25872,5/16/2019 3:47:00 PM,50,75000,2,highDensity,3.74375,E6,3,4,OVCAR4
173,71.01538500000001,5/16/2019 3:47:00 PM,100,75000,2,highDensity,3.74375,E7,3,4,OVCAR4
174,99.63856,5/16/2019 3:47:00 PM,0,75000,3,highDensity,3.74375,F2,3,4,OVCAR4
175,98.99533,5/16/2019 3:47:00 PM,1,75000,3,highDensity,3.74375,F3,3,4,OVCAR4
176,93.27798,5/16/2019 3:47:00 PM,10,75000,3,highDensity,3.74375,F4,3,4,OVCAR4
177,72.85377,5/16/2019 3:47:00 PM,25,75000,3,highDensity,3.74375,F5,3,4,OVCAR4
178,70.84831,5/16/2019 3:47:00 PM,50,75000,3,highDensity,3.74375,F6,3,4,OVCAR4
179,49.604355,5/16/2019 3:47:00 PM,100,75000,3,highDensity,3.74375,F7,3,4,OVCAR4
180,49.74377,5/17/2019 5:27:00 PM,0,5000,1,lowDensity,4.813194444444458,A2,3,5,OVCAR4
181,46.59907,5/17/2019 5:27:00 PM,1,5000,1,lowDensity,4.813194444444458,A3,3,5,OVCAR4
182,18.6623365,5/17/2019 5:27:00 PM,10,5000,1,lowDensity,4.813194444444458,A4,3,5,OVCAR4
183,15.356130999999998,5/17/2019 5:27:00 PM,25,5000,1,lowDensity,4.813194444444458,A5,3,5,OVCAR4
184,16.56817,5/17/2019 5:27:00 PM,50,5000,1,lowDensity,4.813194444444458,A6,3,5,OVCAR4
185,11.382042000000002,5/17/2019 5:27:00 PM,100,5000,1,lowDensity,4.813194444444458,A7,3,5,OVCAR4
186,60.15291500000001,5/17/2019 5:27:00 PM,0,5000,2,lowDensity,4.813194444444458,B2,3,5,OVCAR4
187,68.47234,5/17/2019 5:27:00 PM,1,5000,2,lowDensity,4.813194444444458,B3,3,5,OVCAR4
188,34.774885000000005,5/17/2019 5:27:00 PM,10,5000,2,lowDensity,4.813194444444458,B4,3,5,OVCAR4
189,23.25344,5/17/2019 5:27:00 PM,25,5000,2,lowDensity,4.813194444444458,B5,3,5,OVCAR4
190,31.6528175,5/17/2019 5:27:00 PM,50,5000,2,lowDensity,4.813194444444458,B6,3,5,OVCAR4
191,6.773078,5/17/2019 5:27:00 PM,100,5000,2,lowDensity,4.813194444444458,B7,3,5,OVCAR4
192,80.907985,5/17/2019 5:27:00 PM,0,5000,3,lowDensity,4.813194444444458,C2,3,5,OVCAR4
193,69.273575,5/17/2019 5:27:00 PM,1,5000,3,lowDensity,4.813194444444458,C3,3,5,OVCAR4
194,36.48389,5/17/2019 5:27:00 PM,10,5000,3,lowDensity,4.813194444444458,C4,3,5,OVCAR4
195,23.814155,5/17/2019 5:27:00 PM,25,5000,3,lowDensity,4.813194444444458,C5,3,5,OVCAR4
196,23.95597,5/17/2019 5:27:00 PM,50,5000,3,lowDensity,4.813194444444458,C6,3,5,OVCAR4
197,16.491545000000002,5/17/2019 5:27:00 PM,100,5000,3,lowDensity,4.813194444444458,C7,3,5,OVCAR4
198,99.99212,5/17/2019 5:27:00 PM,0,75000,1,highDensity,4.813194444444458,D2,3,5,OVCAR4
199,99.997755,5/17/2019 5:27:00 PM,1,75000,1,highDensity,4.813194444444458,D3,3,5,OVCAR4
200,99.93562,5/17/2019 5:27:00 PM,10,75000,1,highDensity,4.813194444444458,D4,3,5,OVCAR4
201,98.314095,5/17/2019 5:27:00 PM,25,75000,1,highDensity,4.813194444444458,D5,3,5,OVCAR4
202,97.97562,5/17/2019 5:27:00 PM,50,75000,1,highDensity,4.813194444444458,D6,3,5,OVCAR4
203,75.87313499999999,5/17/2019 5:27:00 PM,100,75000,1,highDensity,4.813194444444458,D7,3,5,OVCAR4
204,99.998065,5/17/2019 5:27:00 PM,0,75000,2,highDensity,4.813194444444458,E2,3,5,OVCAR4
205,99.98204,5/17/2019 5:27:00 PM,1,75000,2,highDensity,4.813194444444458,E3,3,5,OVCAR4
206,99.36819,5/17/2019 5:27:00 PM,10,75000,2,highDensity,4.813194444444458,E4,3,5,OVCAR4
207,87.23751000000001,5/17/2019 5:27:00 PM,25,75000,2,highDensity,4.813194444444458,E5,3,5,OVCAR4
208,95.79317,5/17/2019 5:27:00 PM,50,75000,2,highDensity,4.813194444444458,E6,3,5,OVCAR4
209,71.96024499999999,5/17/2019 5:27:00 PM,100,75000,2,highDensity,4.813194444444458,E7,3,5,OVCAR4
210,99.9702,5/17/2019 5:27:00 PM,0,75000,3,highDensity,4.813194444444458,F2,3,5,OVCAR4
211,99.86313,5/17/2019 5:27:00 PM,1,75000,3,highDensity,4.813194444444458,F3,3,5,OVCAR4
212,97.762105,5/17/2019 5:27:00 PM,10,75000,3,highDensity,4.813194444444458,F4,3,5,OVCAR4
213,77.541775,5/17/2019 5:27:00 PM,25,75000,3,highDensity,4.813194444444458,F5,3,5,OVCAR4
214,74.969915,5/17/2019 5:27:00 PM,50,75000,3,highDensity,4.813194444444458,F6,3,5,OVCAR4
215,56.731785,5/17/2019 5:27:00 PM,100,75000,3,highDensity,4.813194444444458,F7,3,5,OVCAR4
216,67.14726,5/18/2019 4:46:00 PM,0,5000,1,lowDensity,5.784722222222208,A2,3,6,OVCAR4
217,59.54071,5/18/2019 4:46:00 PM,1,5000,1,lowDensity,5.784722222222208,A3,3,6,OVCAR4
218,20.0622575,5/18/2019 4:46:00 PM,10,5000,1,lowDensity,5.784722222222208,A4,3,6,OVCAR4
219,17.699286,5/18/2019 4:46:00 PM,25,5000,1,lowDensity,5.784722222222208,A5,3,6,OVCAR4
220,18.4169305,5/18/2019 4:46:00 PM,50,5000,1,lowDensity,5.784722222222208,A6,3,6,OVCAR4
221,12.559172,5/18/2019 4:46:00 PM,100,5000,1,lowDensity,5.784722222222208,A7,3,6,OVCAR4
222,76.33829,5/18/2019 4:46:00 PM,0,5000,2,lowDensity,5.784722222222208,B2,3,6,OVCAR4
223,79.87473,5/18/2019 4:46:00 PM,1,5000,2,lowDensity,5.784722222222208,B3,3,6,OVCAR4
224,36.95484999999999,5/18/2019 4:46:00 PM,10,5000,2,lowDensity,5.784722222222208,B4,3,6,OVCAR4
225,25.818585,5/18/2019 4:46:00 PM,25,5000,2,lowDensity,5.784722222222208,B5,3,6,OVCAR4
226,33.9782545,5/18/2019 4:46:00 PM,50,5000,2,lowDensity,5.784722222222208,B6,3,6,OVCAR4
227,6.989321,5/18/2019 4:46:00 PM,100,5000,2,lowDensity,5.784722222222208,B7,3,6,OVCAR4
228,89.14560499999999,5/18/2019 4:46:00 PM,0,5000,3,lowDensity,5.784722222222208,C2,3,6,OVCAR4
229,81.51108500000001,5/18/2019 4:46:00 PM,1,5000,3,lowDensity,5.784722222222208,C3,3,6,OVCAR4
230,39.93842,5/18/2019 4:46:00 PM,10,5000,3,lowDensity,5.784722222222208,C4,3,6,OVCAR4
231,25.93975,5/18/2019 4:46:00 PM,25,5000,3,lowDensity,5.784722222222208,C5,3,6,OVCAR4
232,26.063685,5/18/2019 4:46:00 PM,50,5000,3,lowDensity,5.784722222222208,C6,3,6,OVCAR4
233,15.867665,5/18/2019 4:46:00 PM,100,5000,3,lowDensity,5.784722222222208,C7,3,6,OVCAR4
234,99.99999,5/18/2019 4:46:00 PM,0,75000,1,highDensity,5.784722222222208,D2,3,6,OVCAR4
235,99.982225,5/18/2019 4:46:00 PM,1,75000,1,highDensity,5.784722222222208,D3,3,6,OVCAR4
236,99.92133,5/18/2019 4:46:00 PM,10,75000,1,highDensity,5.784722222222208,D4,3,6,OVCAR4
237,98.671815,5/18/2019 4:46:00 PM,25,75000,1,highDensity,5.784722222222208,D5,3,6,OVCAR4
238,98.753595,5/18/2019 4:46:00 PM,50,75000,1,highDensity,5.784722222222208,D6,3,6,OVCAR4
239,77.96500499999999,5/18/2019 4:46:00 PM,100,75000,1,highDensity,5.784722222222208,D7,3,6,OVCAR4
240,99.99999,5/18/2019 4:46:00 PM,0,75000,2,highDensity,5.784722222222208,E2,3,6,OVCAR4
241,99.995895,5/18/2019 4:46:00 PM,1,75000,2,highDensity,5.784722222222208,E3,3,6,OVCAR4
242,99.6779,5/18/2019 4:46:00 PM,10,75000,2,highDensity,5.784722222222208,E4,3,6,OVCAR4
243,91.198105,5/18/2019 4:46:00 PM,25,75000,2,highDensity,5.784722222222208,E5,3,6,OVCAR4
244,97.73883,5/18/2019 4:46:00 PM,50,75000,2,highDensity,5.784722222222208,E6,3,6,OVCAR4
245,73.6815,5/18/2019 4:46:00 PM,100,75000,2,highDensity,5.784722222222208,E7,3,6,OVCAR4
246,99.988285,5/18/2019 4:46:00 PM,0,75000,3,highDensity,5.784722222222208,F2,3,6,OVCAR4
247,99.982175,5/18/2019 4:46:00 PM,1,75000,3,highDensity,5.784722222222208,F3,3,6,OVCAR4
248,98.86445,5/18/2019 4:46:00 PM,10,75000,3,highDensity,5.784722222222208,F4,3,6,OVCAR4
249,84.6637,5/18/2019 4:46:00 PM,25,75000,3,highDensity,5.784722222222208,F5,3,6,OVCAR4
250,81.77586500000001,5/18/2019 4:46:00 PM,50,75000,3,highDensity,5.784722222222208,F6,3,6,OVCAR4
251,62.644045,5/18/2019 4:46:00 PM,100,75000,3,highDensity,5.784722222222208,F7,3,6,OVCAR4
252,80.02694,5/19/2019 12:13:00 PM,0,5000,1,lowDensity,6.595138888888875,A2,3,7,OVCAR4
253,67.67566500000001,5/19/2019 12:13:00 PM,1,5000,1,lowDensity,6.595138888888875,A3,3,7,OVCAR4
254,18.339604,5/19/2019 12:13:00 PM,10,5000,1,lowDensity,6.595138888888875,A4,3,7,OVCAR4
255,12.5210155,5/19/2019 12:13:00 PM,25,5000,1,lowDensity,6.595138888888875,A5,3,7,OVCAR4
256,12.322381,5/19/2019 12:13:00 PM,50,5000,1,lowDensity,6.595138888888875,A6,3,7,OVCAR4
257,6.940796,5/19/2019 12:13:00 PM,100,5000,1,lowDensity,6.595138888888875,A7,3,7,OVCAR4
258,88.917625,5/19/2019 12:13:00 PM,0,5000,2,lowDensity,6.595138888888875,B2,3,7,OVCAR4
259,88.532285,5/19/2019 12:13:00 PM,1,5000,2,lowDensity,6.595138888888875,B3,3,7,OVCAR4
260,36.674785,5/19/2019 12:13:00 PM,10,5000,2,lowDensity,6.595138888888875,B4,3,7,OVCAR4
261,21.0840505,5/19/2019 12:13:00 PM,25,5000,2,lowDensity,6.595138888888875,B5,3,7,OVCAR4
262,26.0294245,5/19/2019 12:13:00 PM,50,5000,2,lowDensity,6.595138888888875,B6,3,7,OVCAR4
263,7.402470999999999,5/19/2019 12:13:00 PM,100,5000,2,lowDensity,6.595138888888875,B7,3,7,OVCAR4
264,92.33425,5/19/2019 12:13:00 PM,0,5000,3,lowDensity,6.595138888888875,C2,3,7,OVCAR4
265,92.463905,5/19/2019 12:13:00 PM,1,5000,3,lowDensity,6.595138888888875,C3,3,7,OVCAR4
266,38.176875,5/19/2019 12:13:00 PM,10,5000,3,lowDensity,6.595138888888875,C4,3,7,OVCAR4
267,23.083535,5/19/2019 12:13:00 PM,25,5000,3,lowDensity,6.595138888888875,C5,3,7,OVCAR4
268,30.396925,5/19/2019 12:13:00 PM,50,5000,3,lowDensity,6.595138888888875,C6,3,7,OVCAR4
269,14.840025,5/19/2019 12:13:00 PM,100,5000,3,lowDensity,6.595138888888875,C7,3,7,OVCAR4
270,99.99999,5/19/2019 12:13:00 PM,0,75000,1,highDensity,6.595138888888875,D2,3,7,OVCAR4
271,99.99999,5/19/2019 12:13:00 PM,1,75000,1,highDensity,6.595138888888875,D3,3,7,OVCAR4
272,99.937765,5/19/2019 12:13:00 PM,10,75000,1,highDensity,6.595138888888875,D4,3,7,OVCAR4
273,95.04549,5/19/2019 12:13:00 PM,25,75000,1,highDensity,6.595138888888875,D5,3,7,OVCAR4
274,85.818325,5/19/2019 12:13:00 PM,50,75000,1,highDensity,6.595138888888875,D6,3,7,OVCAR4
275,58.80138,5/19/2019 12:13:00 PM,100,75000,1,highDensity,6.595138888888875,D7,3,7,OVCAR4
276,99.992155,5/19/2019 12:13:00 PM,0,75000,2,highDensity,6.595138888888875,E2,3,7,OVCAR4
277,99.99903,5/19/2019 12:13:00 PM,1,75000,2,highDensity,6.595138888888875,E3,3,7,OVCAR4
278,99.44284,5/19/2019 12:13:00 PM,10,75000,2,highDensity,6.595138888888875,E4,3,7,OVCAR4
279,80.091625,5/19/2019 12:13:00 PM,25,75000,2,highDensity,6.595138888888875,E5,3,7,OVCAR4
280,88.44903,5/19/2019 12:13:00 PM,50,75000,2,highDensity,6.595138888888875,E6,3,7,OVCAR4
281,53.72537,5/19/2019 12:13:00 PM,100,75000,2,highDensity,6.595138888888875,E7,3,7,OVCAR4
282,99.84979,5/19/2019 12:13:00 PM,0,75000,3,highDensity,6.595138888888875,F2,3,7,OVCAR4
283,99.995535,5/19/2019 12:13:00 PM,1,75000,3,highDensity,6.595138888888875,F3,3,7,OVCAR4
284,87.993335,5/19/2019 12:13:00 PM,10,75000,3,highDensity,6.595138888888875,F4,3,7,OVCAR4
285,73.420965,5/19/2019 12:13:00 PM,25,75000,3,highDensity,6.595138888888875,F5,3,7,OVCAR4
286,67.16479,5/19/2019 12:13:00 PM,50,75000,3,highDensity,6.595138888888875,F6,3,7,OVCAR4
287,37.76447,5/19/2019 12:13:00 PM,100,75000,3,highDensity,6.595138888888875,F7,3,7,OVCAR4
288,93.61549,5/20/2019 4:46:00 PM,0,5000,1,lowDensity,7.784722222222208,A2,3,8,OVCAR4
289,83.28657999999999,5/20/2019 4:46:00 PM,1,5000,1,lowDensity,7.784722222222208,A3,3,8,OVCAR4
290,20.4827705,5/20/2019 4:46:00 PM,10,5000,1,lowDensity,7.784722222222208,A4,3,8,OVCAR4
291,13.6467005,5/20/2019 4:46:00 PM,25,5000,1,lowDensity,7.784722222222208,A5,3,8,OVCAR4
292,14.7796805,5/20/2019 4:46:00 PM,50,5000,1,lowDensity,7.784722222222208,A6,3,8,OVCAR4
293,7.591832500000001,5/20/2019 4:46:00 PM,100,5000,1,lowDensity,7.784722222222208,A7,3,8,OVCAR4
294,97.6511,5/20/2019 4:46:00 PM,0,5000,2,lowDensity,7.784722222222208,B2,3,8,OVCAR4
295,94.61283,5/20/2019 4:46:00 PM,1,5000,2,lowDensity,7.784722222222208,B3,3,8,OVCAR4
296,40.197165000000005,5/20/2019 4:46:00 PM,10,5000,2,lowDensity,7.784722222222208,B4,3,8,OVCAR4
297,23.05654,5/20/2019 4:46:00 PM,25,5000,2,lowDensity,7.784722222222208,B5,3,8,OVCAR4
298,27.6934145,5/20/2019 4:46:00 PM,50,5000,2,lowDensity,7.784722222222208,B6,3,8,OVCAR4
299,5.3591245,5/20/2019 4:46:00 PM,100,5000,2,lowDensity,7.784722222222208,B7,3,8,OVCAR4
300,96.918615,5/20/2019 4:46:00 PM,0,5000,3,lowDensity,7.784722222222208,C2,3,8,OVCAR4
301,97.408755,5/20/2019 4:46:00 PM,1,5000,3,lowDensity,7.784722222222208,C3,3,8,OVCAR4
302,39.873470000000005,5/20/2019 4:46:00 PM,10,5000,3,lowDensity,7.784722222222208,C4,3,8,OVCAR4
303,24.05364,5/20/2019 4:46:00 PM,25,5000,3,lowDensity,7.784722222222208,C5,3,8,OVCAR4
304,27.53904,5/20/2019 4:46:00 PM,50,5000,3,lowDensity,7.784722222222208,C6,3,8,OVCAR4
305,13.469685,5/20/2019 4:46:00 PM,100,5000,3,lowDensity,7.784722222222208,C7,3,8,OVCAR4
306,99.99999,5/20/2019 4:46:00 PM,0,75000,1,highDensity,7.784722222222208,D2,3,8,OVCAR4
307,99.998265,5/20/2019 4:46:00 PM,1,75000,1,highDensity,7.784722222222208,D3,3,8,OVCAR4
308,99.926715,5/20/2019 4:46:00 PM,10,75000,1,highDensity,7.784722222222208,D4,3,8,OVCAR4
309,96.24296,5/20/2019 4:46:00 PM,25,75000,1,highDensity,7.784722222222208,D5,3,8,OVCAR4
310,87.787725,5/20/2019 4:46:00 PM,50,75000,1,highDensity,7.784722222222208,D6,3,8,OVCAR4
311,59.926460000000006,5/20/2019 4:46:00 PM,100,75000,1,highDensity,7.784722222222208,D7,3,8,OVCAR4
312,99.99813,5/20/2019 4:46:00 PM,0,75000,2,highDensity,7.784722222222208,E2,3,8,OVCAR4
313,99.99999,5/20/2019 4:46:00 PM,1,75000,2,highDensity,7.784722222222208,E3,3,8,OVCAR4
314,99.53315,5/20/2019 4:46:00 PM,10,75000,2,highDensity,7.784722222222208,E4,3,8,OVCAR4
315,79.69546,5/20/2019 4:46:00 PM,25,75000,2,highDensity,7.784722222222208,E5,3,8,OVCAR4
316,89.523825,5/20/2019 4:46:00 PM,50,75000,2,highDensity,7.784722222222208,E6,3,8,OVCAR4
317,51.909435,5/20/2019 4:46:00 PM,100,75000,2,highDensity,7.784722222222208,E7,3,8,OVCAR4
318,99.98463,5/20/2019 4:46:00 PM,0,75000,3,highDensity,7.784722222222208,F2,3,8,OVCAR4
319,99.994675,5/20/2019 4:46:00 PM,1,75000,3,highDensity,7.784722222222208,F3,3,8,OVCAR4
320,84.630115,5/20/2019 4:46:00 PM,10,75000,3,highDensity,7.784722222222208,F4,3,8,OVCAR4
321,75.34214,5/20/2019 4:46:00 PM,25,75000,3,highDensity,7.784722222222208,F5,3,8,OVCAR4
322,63.95944,5/20/2019 4:46:00 PM,50,75000,3,highDensity,7.784722222222208,F6,3,8,OVCAR4
323,39.76803,5/20/2019 4:46:00 PM,100,75000,3,highDensity,7.784722222222208,F7,3,8,OVCAR4
324,97.039715,5/21/2019 4:49:00 PM,0,5000,1,lowDensity,8.786805555555542,A2,3,9,OVCAR4
325,91.47121,5/21/2019 4:49:00 PM,1,5000,1,lowDensity,8.786805555555542,A3,3,9,OVCAR4
326,24.7554475,5/21/2019 4:49:00 PM,10,5000,1,lowDensity,8.786805555555542,A4,3,9,OVCAR4
327,18.3774945,5/21/2019 4:49:00 PM,25,5000,1,lowDensity,8.786805555555542,A5,3,9,OVCAR4
328,17.509101,5/21/2019 4:49:00 PM,50,5000,1,lowDensity,8.786805555555542,A6,3,9,OVCAR4
329,9.186524,5/21/2019 4:49:00 PM,100,5000,1,lowDensity,8.786805555555542,A7,3,9,OVCAR4
330,99.574285,5/21/2019 4:49:00 PM,0,5000,2,lowDensity,8.786805555555542,B2,3,9,OVCAR4
331,97.29972,5/21/2019 4:49:00 PM,1,5000,2,lowDensity,8.786805555555542,B3,3,9,OVCAR4
332,45.32684,5/21/2019 4:49:00 PM,10,5000,2,lowDensity,8.786805555555542,B4,3,9,OVCAR4
333,26.48273,5/21/2019 4:49:00 PM,25,5000,2,lowDensity,8.786805555555542,B5,3,9,OVCAR4
334,31.115175,5/21/2019 4:49:00 PM,50,5000,2,lowDensity,8.786805555555542,B6,3,9,OVCAR4
335,6.0905705,5/21/2019 4:49:00 PM,100,5000,2,lowDensity,8.786805555555542,B7,3,9,OVCAR4
336,98.725995,5/21/2019 4:49:00 PM,0,5000,3,lowDensity,8.786805555555542,C2,3,9,OVCAR4
337,99.21264,5/21/2019 4:49:00 PM,1,5000,3,lowDensity,8.786805555555542,C3,3,9,OVCAR4
338,46.164205,5/21/2019 4:49:00 PM,10,5000,3,lowDensity,8.786805555555542,C4,3,9,OVCAR4
339,26.849400000000003,5/21/2019 4:49:00 PM,25,5000,3,lowDensity,8.786805555555542,C5,3,9,OVCAR4
340,28.463265,5/21/2019 4:49:00 PM,50,5000,3,lowDensity,8.786805555555542,C6,3,9,OVCAR4
341,15.017035,5/21/2019 4:49:00 PM,100,5000,3,lowDensity,8.786805555555542,C7,3,9,OVCAR4
342,99.99999,5/21/2019 4:49:00 PM,0,75000,1,highDensity,8.786805555555542,D2,3,9,OVCAR4
343,99.99903,5/21/2019 4:49:00 PM,1,75000,1,highDensity,8.786805555555542,D3,3,9,OVCAR4
344,99.9811,5/21/2019 4:49:00 PM,10,75000,1,highDensity,8.786805555555542,D4,3,9,OVCAR4
345,97.567145,5/21/2019 4:49:00 PM,25,75000,1,highDensity,8.786805555555542,D5,3,9,OVCAR4
346,88.77217,5/21/2019 4:49:00 PM,50,75000,1,highDensity,8.786805555555542,D6,3,9,OVCAR4
347,61.7109,5/21/2019 4:49:00 PM,100,75000,1,highDensity,8.786805555555542,D7,3,9,OVCAR4
348,99.992645,5/21/2019 4:49:00 PM,0,75000,2,highDensity,8.786805555555542,E2,3,9,OVCAR4
349,99.99495,5/21/2019 4:49:00 PM,1,75000,2,highDensity,8.786805555555542,E3,3,9,OVCAR4
350,99.906195,5/21/2019 4:49:00 PM,10,75000,2,highDensity,8.786805555555542,E4,3,9,OVCAR4
351,83.984365,5/21/2019 4:49:00 PM,25,75000,2,highDensity,8.786805555555542,E5,3,9,OVCAR4
352,91.434495,5/21/2019 4:49:00 PM,50,75000,2,highDensity,8.786805555555542,E6,3,9,OVCAR4
353,58.6033,5/21/2019 4:49:00 PM,100,75000,2,highDensity,8.786805555555542,E7,3,9,OVCAR4
354,99.99754,5/21/2019 4:49:00 PM,0,75000,3,highDensity,8.786805555555542,F2,3,9,OVCAR4
355,99.998025,5/21/2019 4:49:00 PM,1,75000,3,highDensity,8.786805555555542,F3,3,9,OVCAR4
356,86.48226,5/21/2019 4:49:00 PM,10,75000,3,highDensity,8.786805555555542,F4,3,9,OVCAR4
357,82.3076,5/21/2019 4:49:00 PM,25,75000,3,highDensity,8.786805555555542,F5,3,9,OVCAR4
358,70.74788000000001,5/21/2019 4:49:00 PM,50,75000,3,highDensity,8.786805555555542,F6,3,9,OVCAR4
359,47.396765,5/21/2019 4:49:00 PM,100,75000,3,highDensity,8.786805555555542,F7,3,9,OVCAR4
