,Confluence,DMax,Date,Delay,ReplicateId,Time,WellId,DrugConcentration
0,17.94827,50,8/13/2019 12:09:00 PM,0,1,0.0,A2,0.0
1,18.36452,50,8/13/2019 12:09:00 PM,1,1,0.0,A3,50.0
2,18.067225,50,8/13/2019 12:09:00 PM,2,1,0.0,A4,50.0
3,17.99438,50,8/13/2019 12:09:00 PM,4,1,0.0,A5,50.0
4,18.841385000000002,50,8/13/2019 12:09:00 PM,7,1,0.0,A6,50.0
5,19.013355,50,8/13/2019 12:09:00 PM,100,1,0.0,A7,50.0
6,22.857855,50,8/13/2019 12:09:00 PM,0,2,0.0,B2,0.0
7,27.99811,50,8/13/2019 12:09:00 PM,1,2,0.0,B3,50.0
8,21.566019999999998,50,8/13/2019 12:09:00 PM,2,2,0.0,B4,50.0
9,19.392655,50,8/13/2019 12:09:00 PM,4,2,0.0,B5,50.0
10,24.15779,50,8/13/2019 12:09:00 PM,7,2,0.0,B6,50.0
11,20.72724,50,8/13/2019 12:09:00 PM,100,2,0.0,B7,50.0
12,20.048735,50,8/13/2019 12:09:00 PM,0,3,0.0,C2,0.0
13,23.357405,50,8/13/2019 12:09:00 PM,1,3,0.0,C3,50.0
14,23.5931,50,8/13/2019 12:09:00 PM,2,3,0.0,C4,50.0
15,24.939695,50,8/13/2019 12:09:00 PM,4,3,0.0,C5,50.0
16,26.089760000000002,50,8/13/2019 12:09:00 PM,7,3,0.0,C6,50.0
17,20.266495,50,8/13/2019 12:09:00 PM,100,3,0.0,C7,50.0
18,21.23644,100,8/13/2019 12:09:00 PM,0,1,0.0,D2,0.0
19,22.64264,100,8/13/2019 12:09:00 PM,1,1,0.0,D3,100.0
20,23.11614,100,8/13/2019 12:09:00 PM,2,1,0.0,D4,100.0
21,24.300305,100,8/13/2019 12:09:00 PM,4,1,0.0,D5,100.0
22,24.067515,100,8/13/2019 12:09:00 PM,7,1,0.0,D6,100.0
23,19.44059,100,8/13/2019 12:09:00 PM,100,1,0.0,D7,100.0
24,18.518900000000002,100,8/13/2019 12:09:00 PM,0,2,0.0,E2,0.0
25,23.060409999999997,100,8/13/2019 12:09:00 PM,1,2,0.0,E3,100.0
26,23.55431,100,8/13/2019 12:09:00 PM,2,2,0.0,E4,100.0
27,19.68367,100,8/13/2019 12:09:00 PM,4,2,0.0,E5,100.0
28,22.84469,100,8/13/2019 12:09:00 PM,7,2,0.0,E6,100.0
29,20.30543,100,8/13/2019 12:09:00 PM,100,2,0.0,E7,100.0
30,19.363225,100,8/13/2019 12:09:00 PM,0,3,0.0,F2,0.0
31,14.83419,100,8/13/2019 12:09:00 PM,1,3,0.0,F3,100.0
32,16.500025,100,8/13/2019 12:09:00 PM,2,3,0.0,F4,100.0
33,15.032985,100,8/13/2019 12:09:00 PM,4,3,0.0,F5,100.0
34,13.93716,100,8/13/2019 12:09:00 PM,7,3,0.0,F6,100.0
35,17.646929999999998,100,8/13/2019 12:09:00 PM,100,3,0.0,F7,100.0
36,30.739714999999997,50,8/14/2019 12:17:00 PM,0,1,24.1333333333333,A2,0.0
37,22.512610000000002,50,8/14/2019 12:17:00 PM,1,1,24.1333333333333,A3,0.0
38,26.320570000000004,50,8/14/2019 12:17:00 PM,2,1,24.1333333333333,A4,50.0
39,27.216769999999997,50,8/14/2019 12:17:00 PM,4,1,24.1333333333333,A5,50.0
40,27.39754,50,8/14/2019 12:17:00 PM,7,1,24.1333333333333,A6,50.0
41,27.348615000000002,50,8/14/2019 12:17:00 PM,100,1,24.1333333333333,A7,50.0
42,38.088325,50,8/14/2019 12:17:00 PM,0,2,24.1333333333333,B2,0.0
43,32.762805,50,8/14/2019 12:17:00 PM,1,2,24.1333333333333,B3,0.0
44,33.642765,50,8/14/2019 12:17:00 PM,2,2,24.1333333333333,B4,50.0
45,30.244495,50,8/14/2019 12:17:00 PM,4,2,24.1333333333333,B5,50.0
46,37.53682,50,8/14/2019 12:17:00 PM,7,2,24.1333333333333,B6,50.0
47,31.19264,50,8/14/2019 12:17:00 PM,100,2,24.1333333333333,B7,50.0
48,34.943945,50,8/14/2019 12:17:00 PM,0,3,24.1333333333333,C2,0.0
49,28.484305,50,8/14/2019 12:17:00 PM,1,3,24.1333333333333,C3,0.0
50,35.736265,50,8/14/2019 12:17:00 PM,2,3,24.1333333333333,C4,50.0
51,39.05731,50,8/14/2019 12:17:00 PM,4,3,24.1333333333333,C5,50.0
52,40.37961,50,8/14/2019 12:17:00 PM,7,3,24.1333333333333,C6,50.0
53,30.28376,50,8/14/2019 12:17:00 PM,100,3,24.1333333333333,C7,50.0
54,35.0252,100,8/14/2019 12:17:00 PM,0,1,24.1333333333333,D2,0.0
55,23.83707,100,8/14/2019 12:17:00 PM,1,1,24.1333333333333,D3,0.0
56,33.998715000000004,100,8/14/2019 12:17:00 PM,2,1,24.1333333333333,D4,100.0
57,31.062314999999998,100,8/14/2019 12:17:00 PM,4,1,24.1333333333333,D5,100.0
58,34.72522,100,8/14/2019 12:17:00 PM,7,1,24.1333333333333,D6,100.0
59,27.641055,100,8/14/2019 12:17:00 PM,100,1,24.1333333333333,D7,100.0
60,32.092845,100,8/14/2019 12:17:00 PM,0,2,24.1333333333333,E2,0.0
61,25.450375,100,8/14/2019 12:17:00 PM,1,2,24.1333333333333,E3,0.0
62,32.06172,100,8/14/2019 12:17:00 PM,2,2,24.1333333333333,E4,100.0
63,28.36591,100,8/14/2019 12:17:00 PM,4,2,24.1333333333333,E5,100.0
64,35.09631,100,8/14/2019 12:17:00 PM,7,2,24.1333333333333,E6,100.0
65,28.772495,100,8/14/2019 12:17:00 PM,100,2,24.1333333333333,E7,100.0
66,33.015135,100,8/14/2019 12:17:00 PM,0,3,24.1333333333333,F2,0.0
67,14.118695,100,8/14/2019 12:17:00 PM,1,3,24.1333333333333,F3,0.0
68,23.682755,100,8/14/2019 12:17:00 PM,2,3,24.1333333333333,F4,100.0
69,20.73818,100,8/14/2019 12:17:00 PM,4,3,24.1333333333333,F5,100.0
70,19.425905,100,8/14/2019 12:17:00 PM,7,3,24.1333333333333,F6,100.0
71,24.842055000000002,100,8/14/2019 12:17:00 PM,100,3,24.1333333333333,F7,100.0
72,49.753634999999996,50,8/15/2019 2:59:00 PM,0,1,50.8333333333333,A2,0.0
73,32.921785,50,8/15/2019 2:59:00 PM,1,1,50.8333333333333,A3,0.0
74,24.66454,50,8/15/2019 2:59:00 PM,2,1,50.8333333333333,A4,0.0
75,35.71219,50,8/15/2019 2:59:00 PM,4,1,50.8333333333333,A5,50.0
76,36.28889,50,8/15/2019 2:59:00 PM,7,1,50.8333333333333,A6,50.0
77,35.723985,50,8/15/2019 2:59:00 PM,100,1,50.8333333333333,A7,50.0
78,60.918175,50,8/15/2019 2:59:00 PM,0,2,50.8333333333333,B2,0.0
79,47.605795,50,8/15/2019 2:59:00 PM,1,2,50.8333333333333,B3,0.0
80,34.535875000000004,50,8/15/2019 2:59:00 PM,2,2,50.8333333333333,B4,0.0
81,42.20782,50,8/15/2019 2:59:00 PM,4,2,50.8333333333333,B5,50.0
82,49.056725,50,8/15/2019 2:59:00 PM,7,2,50.8333333333333,B6,50.0
83,41.460535,50,8/15/2019 2:59:00 PM,100,2,50.8333333333333,B7,50.0
84,58.700199999999995,50,8/15/2019 2:59:00 PM,0,3,50.8333333333333,C2,0.0
85,41.65503,50,8/15/2019 2:59:00 PM,1,3,50.8333333333333,C3,0.0
86,39.17451,50,8/15/2019 2:59:00 PM,2,3,50.8333333333333,C4,0.0
87,52.25531,50,8/15/2019 2:59:00 PM,4,3,50.8333333333333,C5,50.0
88,49.85977,50,8/15/2019 2:59:00 PM,7,3,50.8333333333333,C6,50.0
89,40.75461,50,8/15/2019 2:59:00 PM,100,3,50.8333333333333,C7,50.0
90,59.09368,100,8/15/2019 2:59:00 PM,0,1,50.8333333333333,D2,0.0
91,35.574275,100,8/15/2019 2:59:00 PM,1,1,50.8333333333333,D3,0.0
92,33.425135,100,8/15/2019 2:59:00 PM,2,1,50.8333333333333,D4,0.0
93,42.151759999999996,100,8/15/2019 2:59:00 PM,4,1,50.8333333333333,D5,100.0
94,41.184575,100,8/15/2019 2:59:00 PM,7,1,50.8333333333333,D6,100.0
95,35.35426,100,8/15/2019 2:59:00 PM,100,1,50.8333333333333,D7,100.0
96,54.98376999999999,100,8/15/2019 2:59:00 PM,0,2,50.8333333333333,E2,0.0
97,39.002264999999994,100,8/15/2019 2:59:00 PM,1,2,50.8333333333333,E3,0.0
98,34.124155,100,8/15/2019 2:59:00 PM,2,2,50.8333333333333,E4,0.0
99,34.587485,100,8/15/2019 2:59:00 PM,4,2,50.8333333333333,E5,100.0
100,42.515294999999995,100,8/15/2019 2:59:00 PM,7,2,50.8333333333333,E6,100.0
101,37.281745,100,8/15/2019 2:59:00 PM,100,2,50.8333333333333,E7,100.0
102,51.84837,100,8/15/2019 2:59:00 PM,0,3,50.8333333333333,F2,0.0
103,20.407625000000003,100,8/15/2019 2:59:00 PM,1,3,50.8333333333333,F3,0.0
104,20.158775,100,8/15/2019 2:59:00 PM,2,3,50.8333333333333,F4,0.0
105,25.73708,100,8/15/2019 2:59:00 PM,4,3,50.8333333333333,F5,100.0
106,24.002415,100,8/15/2019 2:59:00 PM,7,3,50.8333333333333,F6,100.0
107,31.2844,100,8/15/2019 2:59:00 PM,100,3,50.8333333333333,F7,100.0
108,71.27676,50,8/16/2019 5:51:00 PM,0,1,77.7,A2,0.0
109,44.64908,50,8/16/2019 5:51:00 PM,1,1,77.7,A3,0.0
110,29.596469999999997,50,8/16/2019 5:51:00 PM,2,1,77.7,A4,0.0
111,39.87957,50,8/16/2019 5:51:00 PM,4,1,77.7,A5,50.0
112,40.131315,50,8/16/2019 5:51:00 PM,7,1,77.7,A6,50.0
113,38.213895,50,8/16/2019 5:51:00 PM,100,1,77.7,A7,50.0
114,81.786625,50,8/16/2019 5:51:00 PM,0,2,77.7,B2,0.0
115,60.920095,50,8/16/2019 5:51:00 PM,1,2,77.7,B3,0.0
116,47.077020000000005,50,8/16/2019 5:51:00 PM,2,2,77.7,B4,0.0
117,44.982395,50,8/16/2019 5:51:00 PM,4,2,77.7,B5,50.0
118,55.243955,50,8/16/2019 5:51:00 PM,7,2,77.7,B6,50.0
119,45.728725,50,8/16/2019 5:51:00 PM,100,2,77.7,B7,50.0
120,83.18886499999999,50,8/16/2019 5:51:00 PM,0,3,77.7,C2,0.0
121,56.474525,50,8/16/2019 5:51:00 PM,1,3,77.7,C3,0.0
122,45.876755,50,8/16/2019 5:51:00 PM,2,3,77.7,C4,0.0
123,56.50933500000001,50,8/16/2019 5:51:00 PM,4,3,77.7,C5,50.0
124,55.31592,50,8/16/2019 5:51:00 PM,7,3,77.7,C6,50.0
125,44.053735,50,8/16/2019 5:51:00 PM,100,3,77.7,C7,50.0
126,80.416915,100,8/16/2019 5:51:00 PM,0,1,77.7,D2,0.0
127,47.419865,100,8/16/2019 5:51:00 PM,1,1,77.7,D3,0.0
128,38.96677,100,8/16/2019 5:51:00 PM,2,1,77.7,D4,0.0
129,44.715135000000004,100,8/16/2019 5:51:00 PM,4,1,77.7,D5,100.0
130,47.33734,100,8/16/2019 5:51:00 PM,7,1,77.7,D6,100.0
131,39.033435,100,8/16/2019 5:51:00 PM,100,1,77.7,D7,100.0
132,77.76264499999999,100,8/16/2019 5:51:00 PM,0,2,77.7,E2,0.0
133,53.859515,100,8/16/2019 5:51:00 PM,1,2,77.7,E3,0.0
134,38.849695,100,8/16/2019 5:51:00 PM,2,2,77.7,E4,0.0
135,37.28255,100,8/16/2019 5:51:00 PM,4,2,77.7,E5,100.0
136,47.139015,100,8/16/2019 5:51:00 PM,7,2,77.7,E6,100.0
137,38.164775,100,8/16/2019 5:51:00 PM,100,2,77.7,E7,100.0
138,73.975505,100,8/16/2019 5:51:00 PM,0,3,77.7,F2,0.0
139,30.169939999999997,100,8/16/2019 5:51:00 PM,1,3,77.7,F3,0.0
140,25.72044,100,8/16/2019 5:51:00 PM,2,3,77.7,F4,0.0
141,28.547755,100,8/16/2019 5:51:00 PM,4,3,77.7,F5,100.0
142,28.078795,100,8/16/2019 5:51:00 PM,7,3,77.7,F6,100.0
143,35.84742,100,8/16/2019 5:51:00 PM,100,3,77.7,F7,100.0
144,85.962995,50,8/17/2019 6:43:00 PM,0,1,102.566666666667,A2,0.0
145,50.964490000000005,50,8/17/2019 6:43:00 PM,1,1,102.566666666667,A3,0.0
146,41.334065,50,8/17/2019 6:43:00 PM,2,1,102.566666666667,A4,0.0
147,37.17267,50,8/17/2019 6:43:00 PM,4,1,102.566666666667,A5,0.0
148,49.23909,50,8/17/2019 6:43:00 PM,7,1,102.566666666667,A6,50.0
149,45.260934999999996,50,8/17/2019 6:43:00 PM,100,1,102.566666666667,A7,50.0
150,94.416455,50,8/17/2019 6:43:00 PM,0,2,102.566666666667,B2,0.0
151,66.61674000000001,50,8/17/2019 6:43:00 PM,1,2,102.566666666667,B3,0.0
152,62.4115,50,8/17/2019 6:43:00 PM,2,2,102.566666666667,B4,0.0
153,42.55563,50,8/17/2019 6:43:00 PM,4,2,102.566666666667,B5,0.0
154,65.037385,50,8/17/2019 6:43:00 PM,7,2,102.566666666667,B6,50.0
155,52.67279500000001,50,8/17/2019 6:43:00 PM,100,2,102.566666666667,B7,50.0
156,96.314695,50,8/17/2019 6:43:00 PM,0,3,102.566666666667,C2,0.0
157,62.91664,50,8/17/2019 6:43:00 PM,1,3,102.566666666667,C3,0.0
158,65.208985,50,8/17/2019 6:43:00 PM,2,3,102.566666666667,C4,0.0
159,52.54125500000001,50,8/17/2019 6:43:00 PM,4,3,102.566666666667,C5,0.0
160,64.60138500000001,50,8/17/2019 6:43:00 PM,7,3,102.566666666667,C6,50.0
161,51.555955,50,8/17/2019 6:43:00 PM,100,3,102.566666666667,C7,50.0
162,93.305915,100,8/17/2019 6:43:00 PM,0,1,102.566666666667,D2,0.0
163,51.08316,100,8/17/2019 6:43:00 PM,1,1,102.566666666667,D3,0.0
164,57.168425,100,8/17/2019 6:43:00 PM,2,1,102.566666666667,D4,0.0
165,43.753295,100,8/17/2019 6:43:00 PM,4,1,102.566666666667,D5,0.0
166,53.651415,100,8/17/2019 6:43:00 PM,7,1,102.566666666667,D6,100.0
167,43.321325,100,8/17/2019 6:43:00 PM,100,1,102.566666666667,D7,100.0
168,92.99068500000001,100,8/17/2019 6:43:00 PM,0,2,102.566666666667,E2,0.0
169,52.696945,100,8/17/2019 6:43:00 PM,1,2,102.566666666667,E3,0.0
170,55.649924999999996,100,8/17/2019 6:43:00 PM,2,2,102.566666666667,E4,0.0
171,35.543195000000004,100,8/17/2019 6:43:00 PM,4,2,102.566666666667,E5,0.0
172,55.713125,100,8/17/2019 6:43:00 PM,7,2,102.566666666667,E6,100.0
173,46.1104,100,8/17/2019 6:43:00 PM,100,2,102.566666666667,E7,100.0
174,86.87574000000001,100,8/17/2019 6:43:00 PM,0,3,102.566666666667,F2,0.0
175,29.203895000000003,100,8/17/2019 6:43:00 PM,1,3,102.566666666667,F3,0.0
176,36.20134,100,8/17/2019 6:43:00 PM,2,3,102.566666666667,F4,0.0
177,25.797939999999997,100,8/17/2019 6:43:00 PM,4,3,102.566666666667,F5,0.0
178,31.212795,100,8/17/2019 6:43:00 PM,7,3,102.566666666667,F6,100.0
179,39.313485,100,8/17/2019 6:43:00 PM,100,3,102.566666666667,F7,100.0
180,95.42372,50,8/18/2019 6:25:00 PM,0,1,126.266666666667,A2,0.0
181,68.861365,50,8/18/2019 6:25:00 PM,1,1,126.266666666667,A3,0.0
182,40.1567,50,8/18/2019 6:25:00 PM,2,1,126.266666666667,A4,0.0
183,46.42975,50,8/18/2019 6:25:00 PM,4,1,126.266666666667,A5,0.0
184,51.054115,50,8/18/2019 6:25:00 PM,7,1,126.266666666667,A6,50.0
185,49.014925,50,8/18/2019 6:25:00 PM,100,1,126.266666666667,A7,50.0
186,96.62680499999999,50,8/18/2019 6:25:00 PM,0,2,126.266666666667,B2,0.0
187,84.131165,50,8/18/2019 6:25:00 PM,1,2,126.266666666667,B3,0.0
188,63.963165000000004,50,8/18/2019 6:25:00 PM,2,2,126.266666666667,B4,0.0
189,49.997075,50,8/18/2019 6:25:00 PM,4,2,126.266666666667,B5,0.0
190,67.3736,50,8/18/2019 6:25:00 PM,7,2,126.266666666667,B6,50.0
191,55.703985,50,8/18/2019 6:25:00 PM,100,2,126.266666666667,B7,50.0
192,97.493545,50,8/18/2019 6:25:00 PM,0,3,126.266666666667,C2,0.0
193,82.167395,50,8/18/2019 6:25:00 PM,1,3,126.266666666667,C3,0.0
194,62.29608,50,8/18/2019 6:25:00 PM,2,3,126.266666666667,C4,0.0
195,66.482155,50,8/18/2019 6:25:00 PM,4,3,126.266666666667,C5,0.0
196,66.328375,50,8/18/2019 6:25:00 PM,7,3,126.266666666667,C6,50.0
197,52.15726,50,8/18/2019 6:25:00 PM,100,3,126.266666666667,C7,50.0
198,96.03016500000001,100,8/18/2019 6:25:00 PM,0,1,126.266666666667,D2,0.0
199,68.34434,100,8/18/2019 6:25:00 PM,1,1,126.266666666667,D3,0.0
200,55.552435,100,8/18/2019 6:25:00 PM,2,1,126.266666666667,D4,0.0
201,50.942679999999996,100,8/18/2019 6:25:00 PM,4,1,126.266666666667,D5,0.0
202,55.44999,100,8/18/2019 6:25:00 PM,7,1,126.266666666667,D6,100.0
203,45.88659,100,8/18/2019 6:25:00 PM,100,1,126.266666666667,D7,100.0
204,96.66791,100,8/18/2019 6:25:00 PM,0,2,126.266666666667,E2,0.0
205,69.13286000000001,100,8/18/2019 6:25:00 PM,1,2,126.266666666667,E3,0.0
206,60.03561499999999,100,8/18/2019 6:25:00 PM,2,2,126.266666666667,E4,0.0
207,43.39985,100,8/18/2019 6:25:00 PM,4,2,126.266666666667,E5,0.0
208,55.655495,100,8/18/2019 6:25:00 PM,7,2,126.266666666667,E6,100.0
209,47.53636,100,8/18/2019 6:25:00 PM,100,2,126.266666666667,E7,100.0
210,89.761505,100,8/18/2019 6:25:00 PM,0,3,126.266666666667,F2,0.0
211,44.031085000000004,100,8/18/2019 6:25:00 PM,1,3,126.266666666667,F3,0.0
212,41.04819,100,8/18/2019 6:25:00 PM,2,3,126.266666666667,F4,0.0
213,31.076389999999996,100,8/18/2019 6:25:00 PM,4,3,126.266666666667,F5,0.0
214,35.83195,100,8/18/2019 6:25:00 PM,7,3,126.266666666667,F6,100.0
215,42.307,100,8/18/2019 6:25:00 PM,100,3,126.266666666667,F7,100.0
216,96.420105,50,8/19/2019 5:39:00 PM,0,1,149.5,A2,0.0
217,84.24164999999999,50,8/19/2019 5:39:00 PM,1,1,149.5,A3,0.0
218,54.51115,50,8/19/2019 5:39:00 PM,2,1,149.5,A4,0.0
219,57.058769999999996,50,8/19/2019 5:39:00 PM,4,1,149.5,A5,0.0
220,41.916199999999996,50,8/19/2019 5:39:00 PM,7,1,149.5,A6,50.0
221,47.53418,50,8/19/2019 5:39:00 PM,100,1,149.5,A7,50.0
222,95.76173499999999,50,8/19/2019 5:39:00 PM,0,2,149.5,B2,0.0
223,92.76633,50,8/19/2019 5:39:00 PM,1,2,149.5,B3,0.0
224,79.15709,50,8/19/2019 5:39:00 PM,2,2,149.5,B4,0.0
225,65.977815,50,8/19/2019 5:39:00 PM,4,2,149.5,B5,0.0
226,62.625294999999994,50,8/19/2019 5:39:00 PM,7,2,149.5,B6,50.0
227,53.18374,50,8/19/2019 5:39:00 PM,100,2,149.5,B7,50.0
228,97.331245,50,8/19/2019 5:39:00 PM,0,3,149.5,C2,0.0
229,93.97007500000001,50,8/19/2019 5:39:00 PM,1,3,149.5,C3,0.0
230,83.965425,50,8/19/2019 5:39:00 PM,2,3,149.5,C4,0.0
231,78.394135,50,8/19/2019 5:39:00 PM,4,3,149.5,C5,0.0
232,60.021335,50,8/19/2019 5:39:00 PM,7,3,149.5,C6,50.0
233,51.42474,50,8/19/2019 5:39:00 PM,100,3,149.5,C7,50.0
234,96.851965,100,8/19/2019 5:39:00 PM,0,1,149.5,D2,0.0
235,87.61703499999999,100,8/19/2019 5:39:00 PM,1,1,149.5,D3,0.0
236,72.83998499999998,100,8/19/2019 5:39:00 PM,2,1,149.5,D4,0.0
237,67.041885,100,8/19/2019 5:39:00 PM,4,1,149.5,D5,0.0
238,54.388255,100,8/19/2019 5:39:00 PM,7,1,149.5,D6,100.0
239,41.48742,100,8/19/2019 5:39:00 PM,100,1,149.5,D7,100.0
240,96.67724999999999,100,8/19/2019 5:39:00 PM,0,2,149.5,E2,0.0
241,85.32673500000001,100,8/19/2019 5:39:00 PM,1,2,149.5,E3,0.0
242,77.654045,100,8/19/2019 5:39:00 PM,2,2,149.5,E4,0.0
243,57.26789000000001,100,8/19/2019 5:39:00 PM,4,2,149.5,E5,0.0
244,57.45107,100,8/19/2019 5:39:00 PM,7,2,149.5,E6,100.0
245,45.05067,100,8/19/2019 5:39:00 PM,100,2,149.5,E7,100.0
246,91.76604499999999,100,8/19/2019 5:39:00 PM,0,3,149.5,F2,0.0
247,59.211705,100,8/19/2019 5:39:00 PM,1,3,149.5,F3,0.0
248,55.34524,100,8/19/2019 5:39:00 PM,2,3,149.5,F4,0.0
249,37.58618,100,8/19/2019 5:39:00 PM,4,3,149.5,F5,0.0
250,32.926685000000006,100,8/19/2019 5:39:00 PM,7,3,149.5,F6,100.0
251,39.29242,100,8/19/2019 5:39:00 PM,100,3,149.5,F7,100.0
252,99.39649,50,8/20/2019 3:07:00 PM,0,1,170.966666666667,A2,0.0
253,92.75769,50,8/20/2019 3:07:00 PM,1,1,170.966666666667,A3,0.0
254,67.59162,50,8/20/2019 3:07:00 PM,2,1,170.966666666667,A4,0.0
255,56.68120499999999,50,8/20/2019 3:07:00 PM,4,1,170.966666666667,A5,0.0
256,48.34220499999999,50,8/20/2019 3:07:00 PM,7,1,170.966666666667,A6,0.0
257,54.360595,50,8/20/2019 3:07:00 PM,100,1,170.966666666667,A7,50.0
258,99.38411500000001,50,8/20/2019 3:07:00 PM,0,2,170.966666666667,B2,0.0
259,97.753035,50,8/20/2019 3:07:00 PM,1,2,170.966666666667,B3,0.0
260,89.006895,50,8/20/2019 3:07:00 PM,2,2,170.966666666667,B4,0.0
261,66.638265,50,8/20/2019 3:07:00 PM,4,2,170.966666666667,B5,0.0
262,64.746015,50,8/20/2019 3:07:00 PM,7,2,170.966666666667,B6,0.0
263,60.931174999999996,50,8/20/2019 3:07:00 PM,100,2,170.966666666667,B7,50.0
264,99.57097,50,8/20/2019 3:07:00 PM,0,3,170.966666666667,C2,0.0
265,97.23837,50,8/20/2019 3:07:00 PM,1,3,170.966666666667,C3,0.0
266,95.303735,50,8/20/2019 3:07:00 PM,2,3,170.966666666667,C4,0.0
267,81.70097000000001,50,8/20/2019 3:07:00 PM,4,3,170.966666666667,C5,0.0
268,65.766595,50,8/20/2019 3:07:00 PM,7,3,170.966666666667,C6,0.0
269,62.18127,50,8/20/2019 3:07:00 PM,100,3,170.966666666667,C7,50.0
270,99.607585,100,8/20/2019 3:07:00 PM,0,1,170.966666666667,D2,0.0
271,93.753665,100,8/20/2019 3:07:00 PM,1,1,170.966666666667,D3,0.0
272,88.00851,100,8/20/2019 3:07:00 PM,2,1,170.966666666667,D4,0.0
273,70.39588499999999,100,8/20/2019 3:07:00 PM,4,1,170.966666666667,D5,0.0
274,54.335364999999996,100,8/20/2019 3:07:00 PM,7,1,170.966666666667,D6,0.0
275,47.116325,100,8/20/2019 3:07:00 PM,100,1,170.966666666667,D7,100.0
276,99.145115,100,8/20/2019 3:07:00 PM,0,2,170.966666666667,E2,0.0
277,92.906175,100,8/20/2019 3:07:00 PM,1,2,170.966666666667,E3,0.0
278,90.38755,100,8/20/2019 3:07:00 PM,2,2,170.966666666667,E4,0.0
279,64.08693000000001,100,8/20/2019 3:07:00 PM,4,2,170.966666666667,E5,0.0
280,54.52907,100,8/20/2019 3:07:00 PM,7,2,170.966666666667,E6,0.0
281,48.229955000000004,100,8/20/2019 3:07:00 PM,100,2,170.966666666667,E7,100.0
282,97.33688000000001,100,8/20/2019 3:07:00 PM,0,3,170.966666666667,F2,0.0
283,72.89096,100,8/20/2019 3:07:00 PM,1,3,170.966666666667,F3,0.0
284,72.137925,100,8/20/2019 3:07:00 PM,2,3,170.966666666667,F4,0.0
285,36.480675000000005,100,8/20/2019 3:07:00 PM,4,3,170.966666666667,F5,0.0
286,14.453464999999998,100,8/20/2019 3:07:00 PM,7,3,170.966666666667,F6,0.0
287,40.935114999999996,100,8/20/2019 3:07:00 PM,100,3,170.966666666667,F7,100.0
324,99.791665,50,8/22/2019 11:42:00 PM,0,1,227.55,A2,0.0
325,97.9102,50,8/22/2019 11:42:00 PM,1,1,227.55,A3,0.0
326,89.795725,50,8/22/2019 11:42:00 PM,2,1,227.55,A4,0.0
327,85.26384,50,8/22/2019 11:42:00 PM,4,1,227.55,A5,0.0
328,67.81649999999999,50,8/22/2019 11:42:00 PM,7,1,227.55,A6,0.0
329,52.237854999999996,50,8/22/2019 11:42:00 PM,100,1,227.55,A7,50.0
330,99.68574,50,8/22/2019 11:42:00 PM,0,2,227.55,B2,0.0
331,99.083985,50,8/22/2019 11:42:00 PM,1,2,227.55,B3,0.0
332,97.104645,50,8/22/2019 11:42:00 PM,2,2,227.55,B4,0.0
333,90.57039,50,8/22/2019 11:42:00 PM,4,2,227.55,B5,0.0
334,83.03625,50,8/22/2019 11:42:00 PM,7,2,227.55,B6,0.0
335,52.537795,50,8/22/2019 11:42:00 PM,100,2,227.55,B7,50.0
336,99.755055,50,8/22/2019 11:42:00 PM,0,3,227.55,C2,0.0
337,98.329255,50,8/22/2019 11:42:00 PM,1,3,227.55,C3,0.0
338,98.690495,50,8/22/2019 11:42:00 PM,2,3,227.55,C4,0.0
339,96.37527,50,8/22/2019 11:42:00 PM,4,3,227.55,C5,0.0
340,82.649295,50,8/22/2019 11:42:00 PM,7,3,227.55,C6,0.0
341,58.223815,50,8/22/2019 11:42:00 PM,100,3,227.55,C7,50.0
342,99.88862,100,8/22/2019 11:42:00 PM,0,1,227.55,D2,0.0
343,97.54808,100,8/22/2019 11:42:00 PM,1,1,227.55,D3,0.0
344,97.874255,100,8/22/2019 11:42:00 PM,2,1,227.55,D4,0.0
345,92.98756499999999,100,8/22/2019 11:42:00 PM,4,1,227.55,D5,0.0
346,65.65303,100,8/22/2019 11:42:00 PM,7,1,227.55,D6,0.0
347,40.489745,100,8/22/2019 11:42:00 PM,100,1,227.55,D7,100.0
348,99.63539,100,8/22/2019 11:42:00 PM,0,2,227.55,E2,0.0
349,96.83629,100,8/22/2019 11:42:00 PM,1,2,227.55,E3,0.0
350,97.88838,100,8/22/2019 11:42:00 PM,2,2,227.55,E4,0.0
351,90.281135,100,8/22/2019 11:42:00 PM,4,2,227.55,E5,0.0
352,61.494125,100,8/22/2019 11:42:00 PM,7,2,227.55,E6,0.0
353,42.50232,100,8/22/2019 11:42:00 PM,100,2,227.55,E7,100.0
354,99.07874000000001,100,8/22/2019 11:42:00 PM,0,3,227.55,F2,0.0
355,88.86748499999999,100,8/22/2019 11:42:00 PM,1,3,227.55,F3,0.0
356,92.7697,100,8/22/2019 11:42:00 PM,2,3,227.55,F4,0.0
357,57.86917,100,8/22/2019 11:42:00 PM,4,3,227.55,F5,0.0
358,21.397615000000002,100,8/22/2019 11:42:00 PM,7,3,227.55,F6,0.0
359,39.76933,100,8/22/2019 11:42:00 PM,100,3,227.55,F7,100.0
360,99.7784,50,8/23/2019 6:41:00 PM,0,1,246.53333333333302,A2,0.0
361,99.01266000000001,50,8/23/2019 6:41:00 PM,1,1,246.53333333333302,A3,0.0
362,96.275315,50,8/23/2019 6:41:00 PM,2,1,246.53333333333302,A4,0.0
363,83.964085,50,8/23/2019 6:41:00 PM,4,1,246.53333333333302,A5,0.0
364,62.51687,50,8/23/2019 6:41:00 PM,7,1,246.53333333333302,A6,0.0
365,52.450575,50,8/23/2019 6:41:00 PM,100,1,246.53333333333302,A7,50.0
366,99.774395,50,8/23/2019 6:41:00 PM,0,2,246.53333333333302,B2,0.0
367,99.73344,50,8/23/2019 6:41:00 PM,1,2,246.53333333333302,B3,0.0
368,99.181625,50,8/23/2019 6:41:00 PM,2,2,246.53333333333302,B4,0.0
369,88.08074500000001,50,8/23/2019 6:41:00 PM,4,2,246.53333333333302,B5,0.0
370,80.41883999999999,50,8/23/2019 6:41:00 PM,7,2,246.53333333333302,B6,0.0
371,52.634994999999996,50,8/23/2019 6:41:00 PM,100,2,246.53333333333302,B7,50.0
372,99.753535,50,8/23/2019 6:41:00 PM,0,3,246.53333333333302,C2,0.0
373,99.18795,50,8/23/2019 6:41:00 PM,1,3,246.53333333333302,C3,0.0
374,99.317355,50,8/23/2019 6:41:00 PM,2,3,246.53333333333302,C4,0.0
375,95.668655,50,8/23/2019 6:41:00 PM,4,3,246.53333333333302,C5,0.0
376,73.81101,50,8/23/2019 6:41:00 PM,7,3,246.53333333333302,C6,0.0
377,59.62148,50,8/23/2019 6:41:00 PM,100,3,246.53333333333302,C7,50.0
378,99.89259,100,8/23/2019 6:41:00 PM,0,1,246.53333333333302,D2,0.0
379,98.74882500000001,100,8/23/2019 6:41:00 PM,1,1,246.53333333333302,D3,0.0
380,98.8798,100,8/23/2019 6:41:00 PM,2,1,246.53333333333302,D4,0.0
381,91.50613,100,8/23/2019 6:41:00 PM,4,1,246.53333333333302,D5,0.0
382,59.096325,100,8/23/2019 6:41:00 PM,7,1,246.53333333333302,D6,0.0
383,36.076415,100,8/23/2019 6:41:00 PM,100,1,246.53333333333302,D7,100.0
384,99.66954,100,8/23/2019 6:41:00 PM,0,2,246.53333333333302,E2,0.0
385,98.84818999999999,100,8/23/2019 6:41:00 PM,1,2,246.53333333333302,E3,0.0
386,98.98858,100,8/23/2019 6:41:00 PM,2,2,246.53333333333302,E4,0.0
387,85.731835,100,8/23/2019 6:41:00 PM,4,2,246.53333333333302,E5,0.0
388,52.945335,100,8/23/2019 6:41:00 PM,7,2,246.53333333333302,E6,0.0
389,40.552295,100,8/23/2019 6:41:00 PM,100,2,246.53333333333302,E7,100.0
390,99.07441,100,8/23/2019 6:41:00 PM,0,3,246.53333333333302,F2,0.0
391,93.76851500000001,100,8/23/2019 6:41:00 PM,1,3,246.53333333333302,F3,0.0
392,97.218995,100,8/23/2019 6:41:00 PM,2,3,246.53333333333302,F4,0.0
393,63.439335,100,8/23/2019 6:41:00 PM,4,3,246.53333333333302,F5,0.0
394,29.997385,100,8/23/2019 6:41:00 PM,7,3,246.53333333333302,F6,0.0
395,37.85429499999999,100,8/23/2019 6:41:00 PM,100,3,246.53333333333302,F7,100.0
396,99.90681000000001,50,8/24/2019 6:25:00 PM,0,1,270.266666666667,A2,0.0
397,99.576705,50,8/24/2019 6:25:00 PM,1,1,270.266666666667,A3,0.0
398,98.88557,50,8/24/2019 6:25:00 PM,2,1,270.266666666667,A4,0.0
399,94.889715,50,8/24/2019 6:25:00 PM,4,1,270.266666666667,A5,0.0
400,74.254575,50,8/24/2019 6:25:00 PM,7,1,270.266666666667,A6,0.0
401,54.153045,50,8/24/2019 6:25:00 PM,100,1,270.266666666667,A7,50.0
402,99.847205,50,8/24/2019 6:25:00 PM,0,2,270.266666666667,B2,0.0
403,99.88471000000001,50,8/24/2019 6:25:00 PM,1,2,270.266666666667,B3,0.0
404,99.86955,50,8/24/2019 6:25:00 PM,2,2,270.266666666667,B4,0.0
405,96.857605,50,8/24/2019 6:25:00 PM,4,2,270.266666666667,B5,0.0
406,88.36636,50,8/24/2019 6:25:00 PM,7,2,270.266666666667,B6,0.0
407,51.56245,50,8/24/2019 6:25:00 PM,100,2,270.266666666667,B7,50.0
408,99.884995,50,8/24/2019 6:25:00 PM,0,3,270.266666666667,C2,0.0
409,99.80476,50,8/24/2019 6:25:00 PM,1,3,270.266666666667,C3,0.0
410,99.810875,50,8/24/2019 6:25:00 PM,2,3,270.266666666667,C4,0.0
411,99.081255,50,8/24/2019 6:25:00 PM,4,3,270.266666666667,C5,0.0
412,84.492215,50,8/24/2019 6:25:00 PM,7,3,270.266666666667,C6,0.0
413,64.793045,50,8/24/2019 6:25:00 PM,100,3,270.266666666667,C7,50.0
414,99.92629500000001,100,8/24/2019 6:25:00 PM,0,1,270.266666666667,D2,0.0
415,99.616875,100,8/24/2019 6:25:00 PM,1,1,270.266666666667,D3,0.0
416,99.79228499999999,100,8/24/2019 6:25:00 PM,2,1,270.266666666667,D4,0.0
417,98.48057,100,8/24/2019 6:25:00 PM,4,1,270.266666666667,D5,0.0
418,72.131145,100,8/24/2019 6:25:00 PM,7,1,270.266666666667,D6,0.0
419,36.778655,100,8/24/2019 6:25:00 PM,100,1,270.266666666667,D7,100.0
420,99.8106,100,8/24/2019 6:25:00 PM,0,2,270.266666666667,E2,0.0
421,99.623885,100,8/24/2019 6:25:00 PM,1,2,270.266666666667,E3,0.0
422,99.72809000000001,100,8/24/2019 6:25:00 PM,2,2,270.266666666667,E4,0.0
423,96.44583,100,8/24/2019 6:25:00 PM,4,2,270.266666666667,E5,0.0
424,62.28885,100,8/24/2019 6:25:00 PM,7,2,270.266666666667,E6,0.0
425,40.686335,100,8/24/2019 6:25:00 PM,100,2,270.266666666667,E7,100.0
426,99.63158,100,8/24/2019 6:25:00 PM,0,3,270.266666666667,F2,0.0
427,97.71462,100,8/24/2019 6:25:00 PM,1,3,270.266666666667,F3,0.0
428,99.14985,100,8/24/2019 6:25:00 PM,2,3,270.266666666667,F4,0.0
429,76.664325,100,8/24/2019 6:25:00 PM,4,3,270.266666666667,F5,0.0
430,30.53463,100,8/24/2019 6:25:00 PM,7,3,270.266666666667,F6,0.0
431,35.92931,100,8/24/2019 6:25:00 PM,100,3,270.266666666667,F7,100.0
432,99.89930000000001,50,8/25/2019 12:28:00 PM,0,1,288.316666666667,A2,0.0
433,99.73539500000001,50,8/25/2019 12:28:00 PM,1,1,288.316666666667,A3,0.0
434,99.20641,50,8/25/2019 12:28:00 PM,2,1,288.316666666667,A4,0.0
435,97.740145,50,8/25/2019 12:28:00 PM,4,1,288.316666666667,A5,0.0
436,80.851945,50,8/25/2019 12:28:00 PM,7,1,288.316666666667,A6,0.0
437,58.731590000000004,50,8/25/2019 12:28:00 PM,100,1,288.316666666667,A7,50.0
438,99.85629,50,8/25/2019 12:28:00 PM,0,2,288.316666666667,B2,0.0
439,99.908615,50,8/25/2019 12:28:00 PM,1,2,288.316666666667,B3,0.0
440,99.87159,50,8/25/2019 12:28:00 PM,2,2,288.316666666667,B4,0.0
441,98.90991,50,8/25/2019 12:28:00 PM,4,2,288.316666666667,B5,0.0
442,92.86252,50,8/25/2019 12:28:00 PM,7,2,288.316666666667,B6,0.0
443,54.902495,50,8/25/2019 12:28:00 PM,100,2,288.316666666667,B7,50.0
444,99.88975500000001,50,8/25/2019 12:28:00 PM,0,3,288.316666666667,C2,0.0
445,99.87659500000001,50,8/25/2019 12:28:00 PM,1,3,288.316666666667,C3,0.0
446,99.87787,50,8/25/2019 12:28:00 PM,2,3,288.316666666667,C4,0.0
447,99.71206000000001,50,8/25/2019 12:28:00 PM,4,3,288.316666666667,C5,0.0
448,91.32717500000001,50,8/25/2019 12:28:00 PM,7,3,288.316666666667,C6,0.0
449,67.93275,50,8/25/2019 12:28:00 PM,100,3,288.316666666667,C7,50.0
450,99.9402,100,8/25/2019 12:28:00 PM,0,1,288.316666666667,D2,0.0
451,99.72369499999999,100,8/25/2019 12:28:00 PM,1,1,288.316666666667,D3,0.0
452,99.88675,100,8/25/2019 12:28:00 PM,2,1,288.316666666667,D4,0.0
453,99.37973500000001,100,8/25/2019 12:28:00 PM,4,1,288.316666666667,D5,0.0
454,81.76067,100,8/25/2019 12:28:00 PM,7,1,288.316666666667,D6,0.0
455,37.207335,100,8/25/2019 12:28:00 PM,100,1,288.316666666667,D7,100.0
456,99.83578,100,8/25/2019 12:28:00 PM,0,2,288.316666666667,E2,0.0
457,99.62557,100,8/25/2019 12:28:00 PM,1,2,288.316666666667,E3,0.0
458,99.68771000000001,100,8/25/2019 12:28:00 PM,2,2,288.316666666667,E4,0.0
459,98.76067499999999,100,8/25/2019 12:28:00 PM,4,2,288.316666666667,E5,0.0
460,69.65196999999999,100,8/25/2019 12:28:00 PM,7,2,288.316666666667,E6,0.0
461,41.27705,100,8/25/2019 12:28:00 PM,100,2,288.316666666667,E7,100.0
462,99.71955,100,8/25/2019 12:28:00 PM,0,3,288.316666666667,F2,0.0
463,98.77031,100,8/25/2019 12:28:00 PM,1,3,288.316666666667,F3,0.0
464,99.4716,100,8/25/2019 12:28:00 PM,2,3,288.316666666667,F4,0.0
465,85.91687,100,8/25/2019 12:28:00 PM,4,3,288.316666666667,F5,0.0
466,36.066845,100,8/25/2019 12:28:00 PM,7,3,288.316666666667,F6,0.0
467,36.220555,100,8/25/2019 12:28:00 PM,100,3,288.316666666667,F7,100.0
468,99.851455,50,8/26/2019 6:28:00 PM,0,1,318.316666666667,A2,0.0
469,99.787315,50,8/26/2019 6:28:00 PM,1,1,318.316666666667,A3,0.0
470,99.91828000000001,50,8/26/2019 6:28:00 PM,2,1,318.316666666667,A4,0.0
471,98.3831,50,8/26/2019 6:28:00 PM,4,1,318.316666666667,A5,0.0
472,84.586605,50,8/26/2019 6:28:00 PM,7,1,318.316666666667,A6,0.0
473,41.632,50,8/26/2019 6:28:00 PM,100,1,318.316666666667,A7,50.0
474,99.81909,50,8/26/2019 6:28:00 PM,0,2,318.316666666667,B2,0.0
475,99.934065,50,8/26/2019 6:28:00 PM,1,2,318.316666666667,B3,0.0
476,99.83999,50,8/26/2019 6:28:00 PM,2,2,318.316666666667,B4,0.0
477,99.42232,50,8/26/2019 6:28:00 PM,4,2,318.316666666667,B5,0.0
478,96.18283,50,8/26/2019 6:28:00 PM,7,2,318.316666666667,B6,0.0
479,34.009875,50,8/26/2019 6:28:00 PM,100,2,318.316666666667,B7,50.0
480,99.89676,50,8/26/2019 6:28:00 PM,0,3,318.316666666667,C2,0.0
481,99.78352,50,8/26/2019 6:28:00 PM,1,3,318.316666666667,C3,0.0
482,99.84077500000001,50,8/26/2019 6:28:00 PM,2,3,318.316666666667,C4,0.0
483,99.61134000000001,50,8/26/2019 6:28:00 PM,4,3,318.316666666667,C5,0.0
484,93.13557,50,8/26/2019 6:28:00 PM,7,3,318.316666666667,C6,0.0
485,47.86252,50,8/26/2019 6:28:00 PM,100,3,318.316666666667,C7,50.0
486,99.92436000000001,100,8/26/2019 6:28:00 PM,0,1,318.316666666667,D2,0.0
487,99.76656,100,8/26/2019 6:28:00 PM,1,1,318.316666666667,D3,0.0
488,99.84759,100,8/26/2019 6:28:00 PM,2,1,318.316666666667,D4,0.0
489,99.427945,100,8/26/2019 6:28:00 PM,4,1,318.316666666667,D5,0.0
490,88.027165,100,8/26/2019 6:28:00 PM,7,1,318.316666666667,D6,0.0
491,21.804445,100,8/26/2019 6:28:00 PM,100,1,318.316666666667,D7,100.0
492,99.82991,100,8/26/2019 6:28:00 PM,0,2,318.316666666667,E2,0.0
493,99.690335,100,8/26/2019 6:28:00 PM,1,2,318.316666666667,E3,0.0
494,99.86731,100,8/26/2019 6:28:00 PM,2,2,318.316666666667,E4,0.0
495,98.30373499999999,100,8/26/2019 6:28:00 PM,4,2,318.316666666667,E5,0.0
496,74.42412999999999,100,8/26/2019 6:28:00 PM,7,2,318.316666666667,E6,0.0
497,23.926845,100,8/26/2019 6:28:00 PM,100,2,318.316666666667,E7,100.0
498,99.65787499999999,100,8/26/2019 6:28:00 PM,0,3,318.316666666667,F2,0.0
499,99.25916000000001,100,8/26/2019 6:28:00 PM,1,3,318.316666666667,F3,0.0
500,99.803375,100,8/26/2019 6:28:00 PM,2,3,318.316666666667,F4,0.0
501,89.11426999999999,100,8/26/2019 6:28:00 PM,4,3,318.316666666667,F5,0.0
502,32.6219,100,8/26/2019 6:28:00 PM,7,3,318.316666666667,F6,0.0
503,27.33617,100,8/26/2019 6:28:00 PM,100,3,318.316666666667,F7,100.0
504,99.96871,50,8/27/2019 6:24:00 PM,0,1,342.25,A2,0.0
505,99.965835,50,8/27/2019 6:24:00 PM,1,1,342.25,A3,0.0
506,99.95285999999999,50,8/27/2019 6:24:00 PM,2,1,342.25,A4,0.0
507,99.78403,50,8/27/2019 6:24:00 PM,4,1,342.25,A5,0.0
508,95.15414999999999,50,8/27/2019 6:24:00 PM,7,1,342.25,A6,0.0
509,42.313075,50,8/27/2019 6:24:00 PM,100,1,342.25,A7,50.0
510,99.950295,50,8/27/2019 6:24:00 PM,0,2,342.25,B2,0.0
511,99.957695,50,8/27/2019 6:24:00 PM,1,2,342.25,B3,0.0
512,99.94950499999999,50,8/27/2019 6:24:00 PM,2,2,342.25,B4,0.0
513,99.94675,50,8/27/2019 6:24:00 PM,4,2,342.25,B5,0.0
514,99.14981,50,8/27/2019 6:24:00 PM,7,2,342.25,B6,0.0
515,36.473695000000006,50,8/27/2019 6:24:00 PM,100,2,342.25,B7,50.0
516,99.976725,50,8/27/2019 6:24:00 PM,0,3,342.25,C2,0.0
517,99.93603,50,8/27/2019 6:24:00 PM,1,3,342.25,C3,0.0
518,99.958665,50,8/27/2019 6:24:00 PM,2,3,342.25,C4,0.0
519,99.93755999999999,50,8/27/2019 6:24:00 PM,4,3,342.25,C5,0.0
520,99.383985,50,8/27/2019 6:24:00 PM,7,3,342.25,C6,0.0
521,51.013130000000004,50,8/27/2019 6:24:00 PM,100,3,342.25,C7,50.0
522,99.98190500000001,100,8/27/2019 6:24:00 PM,0,1,342.25,D2,0.0
523,99.933035,100,8/27/2019 6:24:00 PM,1,1,342.25,D3,0.0
524,99.981415,100,8/27/2019 6:24:00 PM,2,1,342.25,D4,0.0
525,99.665535,100,8/27/2019 6:24:00 PM,4,1,342.25,D5,0.0
526,95.1829,100,8/27/2019 6:24:00 PM,7,1,342.25,D6,0.0
527,22.219585,100,8/27/2019 6:24:00 PM,100,1,342.25,D7,100.0
528,99.95451,100,8/27/2019 6:24:00 PM,0,2,342.25,E2,0.0
529,99.92488499999999,100,8/27/2019 6:24:00 PM,1,2,342.25,E3,0.0
530,99.929715,100,8/27/2019 6:24:00 PM,2,2,342.25,E4,0.0
531,99.89836,100,8/27/2019 6:24:00 PM,4,2,342.25,E5,0.0
532,85.04941500000001,100,8/27/2019 6:24:00 PM,7,2,342.25,E6,0.0
533,25.93623,100,8/27/2019 6:24:00 PM,100,2,342.25,E7,100.0
534,99.87888000000001,100,8/27/2019 6:24:00 PM,0,3,342.25,F2,0.0
535,99.80793500000001,100,8/27/2019 6:24:00 PM,1,3,342.25,F3,0.0
536,99.918905,100,8/27/2019 6:24:00 PM,2,3,342.25,F4,0.0
537,96.59145000000001,100,8/27/2019 6:24:00 PM,4,3,342.25,F5,0.0
538,42.198575000000005,100,8/27/2019 6:24:00 PM,7,3,342.25,F6,0.0
539,25.986535000000003,100,8/27/2019 6:24:00 PM,100,3,342.25,F7,100.0
540,99.9511,50,8/29/2019 2:51:00 PM,0,1,386.7,A2,0.0
541,99.94695,50,8/29/2019 2:51:00 PM,1,1,386.7,A3,0.0
542,99.943045,50,8/29/2019 2:51:00 PM,2,1,386.7,A4,0.0
543,99.90346,50,8/29/2019 2:51:00 PM,4,1,386.7,A5,0.0
544,99.63117,50,8/29/2019 2:51:00 PM,7,1,386.7,A6,0.0
545,49.84896499999999,50,8/29/2019 2:51:00 PM,100,1,386.7,A7,50.0
546,99.948225,50,8/29/2019 2:51:00 PM,0,2,386.7,B2,0.0
547,99.97613000000001,50,8/29/2019 2:51:00 PM,1,2,386.7,B3,0.0
548,99.96405,50,8/29/2019 2:51:00 PM,2,2,386.7,B4,0.0
549,99.98557,50,8/29/2019 2:51:00 PM,4,2,386.7,B5,0.0
550,99.951165,50,8/29/2019 2:51:00 PM,7,2,386.7,B6,0.0
551,42.290549999999996,50,8/29/2019 2:51:00 PM,100,2,386.7,B7,50.0
552,99.96255500000001,50,8/29/2019 2:51:00 PM,0,3,386.7,C2,0.0
553,99.95127,50,8/29/2019 2:51:00 PM,1,3,386.7,C3,0.0
554,99.91665499999999,50,8/29/2019 2:51:00 PM,2,3,386.7,C4,0.0
555,99.9789,50,8/29/2019 2:51:00 PM,4,3,386.7,C5,0.0
556,99.97099,50,8/29/2019 2:51:00 PM,7,3,386.7,C6,0.0
557,57.10015,50,8/29/2019 2:51:00 PM,100,3,386.7,C7,50.0
558,99.95824,100,8/29/2019 2:51:00 PM,0,1,386.7,D2,0.0
559,99.93223,100,8/29/2019 2:51:00 PM,1,1,386.7,D3,0.0
560,99.97896499999999,100,8/29/2019 2:51:00 PM,2,1,386.7,D4,0.0
561,99.51132,100,8/29/2019 2:51:00 PM,4,1,386.7,D5,0.0
562,99.81733,100,8/29/2019 2:51:00 PM,7,1,386.7,D6,0.0
563,23.55256,100,8/29/2019 2:51:00 PM,100,1,386.7,D7,100.0
564,99.965805,100,8/29/2019 2:51:00 PM,0,2,386.7,E2,0.0
565,99.98031499999999,100,8/29/2019 2:51:00 PM,1,2,386.7,E3,0.0
566,99.948265,100,8/29/2019 2:51:00 PM,2,2,386.7,E4,0.0
567,99.85998000000001,100,8/29/2019 2:51:00 PM,4,2,386.7,E5,0.0
568,97.43767,100,8/29/2019 2:51:00 PM,7,2,386.7,E6,0.0
569,25.964509999999997,100,8/29/2019 2:51:00 PM,100,2,386.7,E7,100.0
570,99.94609,100,8/29/2019 2:51:00 PM,0,3,386.7,F2,0.0
571,99.787835,100,8/29/2019 2:51:00 PM,1,3,386.7,F3,0.0
572,99.956005,100,8/29/2019 2:51:00 PM,2,3,386.7,F4,0.0
573,99.70971,100,8/29/2019 2:51:00 PM,4,3,386.7,F5,0.0
574,52.52275,100,8/29/2019 2:51:00 PM,7,3,386.7,F6,0.0
575,28.462545,100,8/29/2019 2:51:00 PM,100,3,386.7,F7,100.0
576,99.817015,50,8/30/2019 2:34:00 PM,0,1,410.416666666667,A2,0.0
577,99.92468,50,8/30/2019 2:34:00 PM,1,1,410.416666666667,A3,0.0
578,99.88941499999999,50,8/30/2019 2:34:00 PM,2,1,410.416666666667,A4,0.0
579,99.968575,50,8/30/2019 2:34:00 PM,4,1,410.416666666667,A5,0.0
580,99.786765,50,8/30/2019 2:34:00 PM,7,1,410.416666666667,A6,0.0
581,38.151604999999996,50,8/30/2019 2:34:00 PM,100,1,410.416666666667,A7,50.0
582,99.852835,50,8/30/2019 2:34:00 PM,0,2,410.416666666667,B2,0.0
583,99.91503,50,8/30/2019 2:34:00 PM,1,2,410.416666666667,B3,0.0
584,99.932335,50,8/30/2019 2:34:00 PM,2,2,410.416666666667,B4,0.0
585,99.94104999999999,50,8/30/2019 2:34:00 PM,4,2,410.416666666667,B5,0.0
586,99.80797,50,8/30/2019 2:34:00 PM,7,2,410.416666666667,B6,0.0
587,31.920215000000006,50,8/30/2019 2:34:00 PM,100,2,410.416666666667,B7,50.0
588,99.90021999999999,50,8/30/2019 2:34:00 PM,0,3,410.416666666667,C2,0.0
589,99.75378,50,8/30/2019 2:34:00 PM,1,3,410.416666666667,C3,0.0
590,99.877285,50,8/30/2019 2:34:00 PM,2,3,410.416666666667,C4,0.0
591,99.920635,50,8/30/2019 2:34:00 PM,4,3,410.416666666667,C5,0.0
592,99.91593499999999,50,8/30/2019 2:34:00 PM,7,3,410.416666666667,C6,0.0
593,45.959795,50,8/30/2019 2:34:00 PM,100,3,410.416666666667,C7,50.0
594,99.92101,100,8/30/2019 2:34:00 PM,0,1,410.416666666667,D2,0.0
595,99.82272499999999,100,8/30/2019 2:34:00 PM,1,1,410.416666666667,D3,0.0
596,99.87535,100,8/30/2019 2:34:00 PM,2,1,410.416666666667,D4,0.0
597,98.913645,100,8/30/2019 2:34:00 PM,4,1,410.416666666667,D5,0.0
598,99.73080999999999,100,8/30/2019 2:34:00 PM,7,1,410.416666666667,D6,0.0
599,19.89199,100,8/30/2019 2:34:00 PM,100,1,410.416666666667,D7,100.0
600,99.787835,100,8/30/2019 2:34:00 PM,0,2,410.416666666667,E2,0.0
601,99.69979000000001,100,8/30/2019 2:34:00 PM,1,2,410.416666666667,E3,0.0
602,99.817575,100,8/30/2019 2:34:00 PM,2,2,410.416666666667,E4,0.0
603,99.71878999999998,100,8/30/2019 2:34:00 PM,4,2,410.416666666667,E5,0.0
604,98.73226,100,8/30/2019 2:34:00 PM,7,2,410.416666666667,E6,0.0
605,20.9802,100,8/30/2019 2:34:00 PM,100,2,410.416666666667,E7,100.0
606,99.80831,100,8/30/2019 2:34:00 PM,0,3,410.416666666667,F2,0.0
607,99.59058999999999,100,8/30/2019 2:34:00 PM,1,3,410.416666666667,F3,0.0
608,99.72929,100,8/30/2019 2:34:00 PM,2,3,410.416666666667,F4,0.0
609,99.73001500000001,100,8/30/2019 2:34:00 PM,4,3,410.416666666667,F5,0.0
610,60.729415,100,8/30/2019 2:34:00 PM,7,3,410.416666666667,F6,0.0
611,31.275535,100,8/30/2019 2:34:00 PM,100,3,410.416666666667,F7,100.0
612,99.932275,50,9/1/2019 6:44:00 PM,0,1,462.583333333333,A2,0.0
613,99.94474,50,9/1/2019 6:44:00 PM,1,1,462.583333333333,A3,0.0
614,99.980315,50,9/1/2019 6:44:00 PM,2,1,462.583333333333,A4,0.0
615,99.93186,50,9/1/2019 6:44:00 PM,4,1,462.583333333333,A5,0.0
616,99.95835,50,9/1/2019 6:44:00 PM,7,1,462.583333333333,A6,0.0
617,43.069175,50,9/1/2019 6:44:00 PM,100,1,462.583333333333,A7,50.0
618,99.84154000000001,50,9/1/2019 6:44:00 PM,0,2,462.583333333333,B2,0.0
619,99.92991999999998,50,9/1/2019 6:44:00 PM,1,2,462.583333333333,B3,0.0
620,99.96449,50,9/1/2019 6:44:00 PM,2,2,462.583333333333,B4,0.0
621,99.98027,50,9/1/2019 6:44:00 PM,4,2,462.583333333333,B5,0.0
622,99.976865,50,9/1/2019 6:44:00 PM,7,2,462.583333333333,B6,0.0
623,36.100125000000006,50,9/1/2019 6:44:00 PM,100,2,462.583333333333,B7,50.0
624,99.96801500000001,50,9/1/2019 6:44:00 PM,0,3,462.583333333333,C2,0.0
625,99.91883999999999,50,9/1/2019 6:44:00 PM,1,3,462.583333333333,C3,0.0
626,99.925985,50,9/1/2019 6:44:00 PM,2,3,462.583333333333,C4,0.0
627,99.97744499999999,50,9/1/2019 6:44:00 PM,4,3,462.583333333333,C5,0.0
628,99.97157999999999,50,9/1/2019 6:44:00 PM,7,3,462.583333333333,C6,0.0
629,50.956360000000004,50,9/1/2019 6:44:00 PM,100,3,462.583333333333,C7,50.0
630,99.96864,100,9/1/2019 6:44:00 PM,0,1,462.583333333333,D2,0.0
631,99.900365,100,9/1/2019 6:44:00 PM,1,1,462.583333333333,D3,0.0
632,99.98358999999999,100,9/1/2019 6:44:00 PM,2,1,462.583333333333,D4,0.0
633,99.35154,100,9/1/2019 6:44:00 PM,4,1,462.583333333333,D5,0.0
634,99.92001,100,9/1/2019 6:44:00 PM,7,1,462.583333333333,D6,0.0
635,20.210895,100,9/1/2019 6:44:00 PM,100,1,462.583333333333,D7,100.0
636,99.94018,100,9/1/2019 6:44:00 PM,0,2,462.583333333333,E2,0.0
637,99.95842,100,9/1/2019 6:44:00 PM,1,2,462.583333333333,E3,0.0
638,99.935655,100,9/1/2019 6:44:00 PM,2,2,462.583333333333,E4,0.0
639,99.94066,100,9/1/2019 6:44:00 PM,4,2,462.583333333333,E5,0.0
640,99.94539499999999,100,9/1/2019 6:44:00 PM,7,2,462.583333333333,E6,0.0
641,20.387320000000003,100,9/1/2019 6:44:00 PM,100,2,462.583333333333,E7,100.0
642,99.87912,100,9/1/2019 6:44:00 PM,0,3,462.583333333333,F2,0.0
643,99.85259500000001,100,9/1/2019 6:44:00 PM,1,3,462.583333333333,F3,0.0
644,99.972755,100,9/1/2019 6:44:00 PM,2,3,462.583333333333,F4,0.0
645,99.920285,100,9/1/2019 6:44:00 PM,4,3,462.583333333333,F5,0.0
646,83.35032,100,9/1/2019 6:44:00 PM,7,3,462.583333333333,F6,0.0
647,30.9054,100,9/1/2019 6:44:00 PM,100,3,462.583333333333,F7,100.0
648,99.92834,50,9/3/2019 3:43:00 PM,0,1,507.566666666667,A2,0.0
649,99.97150500000001,50,9/3/2019 3:43:00 PM,1,1,507.566666666667,A3,0.0
650,99.96356,50,9/3/2019 3:43:00 PM,2,1,507.566666666667,A4,0.0
651,99.93258,50,9/3/2019 3:43:00 PM,4,1,507.566666666667,A5,0.0
652,99.948195,50,9/3/2019 3:43:00 PM,7,1,507.566666666667,A6,0.0
653,42.20267,50,9/3/2019 3:43:00 PM,100,1,507.566666666667,A7,50.0
654,99.89355,50,9/3/2019 3:43:00 PM,0,2,507.566666666667,B2,0.0
655,99.926155,50,9/3/2019 3:43:00 PM,1,2,507.566666666667,B3,0.0
656,99.917455,50,9/3/2019 3:43:00 PM,2,2,507.566666666667,B4,0.0
657,99.961905,50,9/3/2019 3:43:00 PM,4,2,507.566666666667,B5,0.0
658,99.96781,50,9/3/2019 3:43:00 PM,7,2,507.566666666667,B6,0.0
659,30.15021,50,9/3/2019 3:43:00 PM,100,2,507.566666666667,B7,50.0
660,99.937455,50,9/3/2019 3:43:00 PM,0,3,507.566666666667,C2,0.0
661,99.928475,50,9/3/2019 3:43:00 PM,1,3,507.566666666667,C3,0.0
662,99.96156,50,9/3/2019 3:43:00 PM,2,3,507.566666666667,C4,0.0
663,99.945565,50,9/3/2019 3:43:00 PM,4,3,507.566666666667,C5,0.0
664,99.96892,50,9/3/2019 3:43:00 PM,7,3,507.566666666667,C6,0.0
665,34.92457,50,9/3/2019 3:43:00 PM,100,3,507.566666666667,C7,50.0
666,99.938795,100,9/3/2019 3:43:00 PM,0,1,507.566666666667,D2,0.0
667,99.94163,100,9/3/2019 3:43:00 PM,1,1,507.566666666667,D3,0.0
668,99.970505,100,9/3/2019 3:43:00 PM,2,1,507.566666666667,D4,0.0
669,99.48204000000001,100,9/3/2019 3:43:00 PM,4,1,507.566666666667,D5,0.0
670,99.948295,100,9/3/2019 3:43:00 PM,7,1,507.566666666667,D6,0.0
671,17.538515,100,9/3/2019 3:43:00 PM,100,1,507.566666666667,D7,100.0
672,99.93901,100,9/3/2019 3:43:00 PM,0,2,507.566666666667,E2,0.0
673,99.93773,100,9/3/2019 3:43:00 PM,1,2,507.566666666667,E3,0.0
674,99.86668499999999,100,9/3/2019 3:43:00 PM,2,2,507.566666666667,E4,0.0
675,99.90571500000001,100,9/3/2019 3:43:00 PM,4,2,507.566666666667,E5,0.0
676,99.92743,100,9/3/2019 3:43:00 PM,7,2,507.566666666667,E6,0.0
677,17.875125,100,9/3/2019 3:43:00 PM,100,2,507.566666666667,E7,100.0
678,99.93675999999999,100,9/3/2019 3:43:00 PM,0,3,507.566666666667,F2,0.0
679,99.838335,100,9/3/2019 3:43:00 PM,1,3,507.566666666667,F3,0.0
680,99.943255,100,9/3/2019 3:43:00 PM,2,3,507.566666666667,F4,0.0
681,99.882775,100,9/3/2019 3:43:00 PM,4,3,507.566666666667,F5,0.0
682,95.463025,100,9/3/2019 3:43:00 PM,7,3,507.566666666667,F6,0.0
683,17.96768,100,9/3/2019 3:43:00 PM,100,3,507.566666666667,F7,100.0
684,99.974925,50,9/4/2019 2:34:00 PM,0,1,530.416666666667,A2,0.0
685,99.963875,50,9/4/2019 2:34:00 PM,1,1,530.416666666667,A3,0.0
686,99.96193500000001,50,9/4/2019 2:34:00 PM,2,1,530.416666666667,A4,0.0
687,99.95227,50,9/4/2019 2:34:00 PM,4,1,530.416666666667,A5,0.0
688,99.96027000000001,50,9/4/2019 2:34:00 PM,7,1,530.416666666667,A6,0.0
689,45.32213,50,9/4/2019 2:34:00 PM,100,1,530.416666666667,A7,50.0
690,99.96007,50,9/4/2019 2:34:00 PM,0,2,530.416666666667,B2,0.0
691,99.971575,50,9/4/2019 2:34:00 PM,1,2,530.416666666667,B3,0.0
692,99.96443,50,9/4/2019 2:34:00 PM,2,2,530.416666666667,B4,0.0
693,99.994675,50,9/4/2019 2:34:00 PM,4,2,530.416666666667,B5,0.0
694,99.99285,50,9/4/2019 2:34:00 PM,7,2,530.416666666667,B6,0.0
695,36.141115,50,9/4/2019 2:34:00 PM,100,2,530.416666666667,B7,50.0
696,99.97144,50,9/4/2019 2:34:00 PM,0,3,530.416666666667,C2,0.0
697,99.967225,50,9/4/2019 2:34:00 PM,1,3,530.416666666667,C3,0.0
698,99.993705,50,9/4/2019 2:34:00 PM,2,3,530.416666666667,C4,0.0
699,99.97571500000001,50,9/4/2019 2:34:00 PM,4,3,530.416666666667,C5,0.0
700,99.9858,50,9/4/2019 2:34:00 PM,7,3,530.416666666667,C6,0.0
701,40.856065,50,9/4/2019 2:34:00 PM,100,3,530.416666666667,C7,50.0
702,99.96155999999999,100,9/4/2019 2:34:00 PM,0,1,530.416666666667,D2,0.0
703,99.982975,100,9/4/2019 2:34:00 PM,1,1,530.416666666667,D3,0.0
704,99.99098,100,9/4/2019 2:34:00 PM,2,1,530.416666666667,D4,0.0
705,99.44291,100,9/4/2019 2:34:00 PM,4,1,530.416666666667,D5,0.0
706,99.967255,100,9/4/2019 2:34:00 PM,7,1,530.416666666667,D6,0.0
707,22.02534,100,9/4/2019 2:34:00 PM,100,1,530.416666666667,D7,100.0
708,99.98044999999999,100,9/4/2019 2:34:00 PM,0,2,530.416666666667,E2,0.0
709,99.959565,100,9/4/2019 2:34:00 PM,1,2,530.416666666667,E3,0.0
710,99.968095,100,9/4/2019 2:34:00 PM,2,2,530.416666666667,E4,0.0
711,99.95512500000001,100,9/4/2019 2:34:00 PM,4,2,530.416666666667,E5,0.0
712,99.97859,100,9/4/2019 2:34:00 PM,7,2,530.416666666667,E6,0.0
713,20.629775,100,9/4/2019 2:34:00 PM,100,2,530.416666666667,E7,100.0
714,99.957825,100,9/4/2019 2:34:00 PM,0,3,530.416666666667,F2,0.0
715,99.925505,100,9/4/2019 2:34:00 PM,1,3,530.416666666667,F3,0.0
716,99.97182000000001,100,9/4/2019 2:34:00 PM,2,3,530.416666666667,F4,0.0
717,99.94625500000001,100,9/4/2019 2:34:00 PM,4,3,530.416666666667,F5,0.0
718,98.75733,100,9/4/2019 2:34:00 PM,7,3,530.416666666667,F6,0.0
719,20.285664999999998,100,9/4/2019 2:34:00 PM,100,3,530.416666666667,F7,100.0
